source_type,source_name,source_url,source_date,company,contact_name,contact_email,contact_phone,building_name,address,city,state,property_type,available_spaces_count,suite,size_sf,rent,availability_notes,image_url,pdf_url,confidence,needs_review,extracted_at
landlord_website,Highwoods Atlanta market page,https://www.highwoods.com/find-your-space/detail/lofts-at-alliance,,Highwoods Properties,John Grimsley,John.Grimsley@highwoods.com,404-443-1875,The Lofts at Alliance,"3580 Lenox Road Northeast, Buckhead",Atlanta,GA,Office,1,Suite 1100,45029,,"Available now Virtual tour visible: https://view.ricoh360.com/ce89b9ba-360e-4c39-b6c8-4c7f60a43b64 Detail page description: Lofts at Alliance offers unique loft-style office space in Buckhead, Atlanta—perfect for creative teams and growing businesses. Enjoy exposed ceilings, flexible layouts and walkable access to shops and dining. Market source: https://www.highwoods.com/meet-highwoods/our-markets/atlanta. 19 Atlanta properties visible on source page. 103 available spaces visible at market level.",https://s3.us-east-1.amazonaws.com/assets-v2.highwoods.com/content-refresh/images/properties/_propertyHero/The-Lofts.jpg,https://s3.us-east-1.amazonaws.com/assets-v2.highwoods.com/content-refresh/pdf/The-Lofts-Suite-1100-45029-RSF.pdf,0.98,FALSE,2026-05-05T15:55:30.806Z
landlord_website,Highwoods Atlanta market page,https://www.highwoods.com/find-your-space/detail/monarch-tower,,Highwoods Properties,John Grimsley,John.Grimsley@highwoods.com,404-443-1875,Monarch Tower,3424 Peachtree Road,Atlanta,GA,Office,2,Suite C100,6667,,"Available now Detail page description: Elevate your business at Monarch Tower—an iconic Class A office building in Buckhead, Atlanta. Enjoy panoramic views, premium amenities and unmatched access to top destinations. Market source: https://www.highwoods.com/meet-highwoods/our-markets/atlanta. 19 Atlanta properties visible on source page. 103 available spaces visible at market level.",https://s3.us-east-1.amazonaws.com/assets-v2.highwoods.com/content-refresh/images/properties/_propertyHero/Monarch-Tower-Building-Exterior-NEW-V3.jpg,https://s3.us-east-1.amazonaws.com/assets-v2.highwoods.com/content-refresh/pdf/MT-Suite-100-C-6667-RSF.pdf,0.98,FALSE,2026-05-05T15:55:30.806Z
landlord_website,Highwoods Atlanta market page,https://www.highwoods.com/find-your-space/detail/monarch-tower,,Highwoods Properties,John Grimsley,John.Grimsley@highwoods.com,404-443-1875,Monarch Tower,3424 Peachtree Road,Atlanta,GA,Office,2,Suite 750,11508,,"Available now Virtual tour visible: https://view.ricoh360.com/df56a087-7bb0-4c28-924a-f212879f72d3 Detail page description: Elevate your business at Monarch Tower—an iconic Class A office building in Buckhead, Atlanta. Enjoy panoramic views, premium amenities and unmatched access to top destinations. Market source: https://www.highwoods.com/meet-highwoods/our-markets/atlanta. 19 Atlanta properties visible on source page. 103 available spaces visible at market level.",https://s3.us-east-1.amazonaws.com/assets-v2.highwoods.com/content-refresh/images/properties/_propertyHero/Monarch-Tower-Building-Exterior-NEW-V3.jpg,https://s3.us-east-1.amazonaws.com/assets-v2.highwoods.com/content-refresh/pdf/MT-Suite-750-11508-RSF_2025-11-12-201437_ywvx.pdf,0.98,FALSE,2026-05-05T15:55:30.806Z
landlord_website,Highwoods Atlanta market page,https://www.highwoods.com/find-your-space/detail/riverwood-200,,Highwoods Properties,John Grimsley,John.Grimsley@highwoods.com,404-443-1875,Riverwood 200,3300 Riverwood Parkway,Atlanta,GA,Office,2,Suite 175,4169,,Available now Market source: https://www.highwoods.com/meet-highwoods/our-markets/atlanta. 19 Atlanta properties visible on source page. 103 available spaces visible at market level.,https://s3.us-east-1.amazonaws.com/assets-v2.highwoods.com/content-refresh/images/properties/_propertyHero/1501616806.riverwood-200-front.jpg,https://s3.us-east-1.amazonaws.com/assets-v2.highwoods.com/content-refresh/pdf/RW200-Suite-175-4169-RSF_2025-11-12-202435_ouhf.pdf,0.98,FALSE,2026-05-05T15:55:30.806Z
landlord_website,Highwoods Atlanta market page,https://www.highwoods.com/find-your-space/detail/riverwood-200,,Highwoods Properties,John Grimsley,John.Grimsley@highwoods.com,404-443-1875,Riverwood 200,3300 Riverwood Parkway,Atlanta,GA,Office,2,Suite 900,25795,,Available now Virtual tour visible: https://view.ricoh360.com/1b83d3fd-cf71-4258-bbfa-30ae01a6f715 Market source: https://www.highwoods.com/meet-highwoods/our-markets/atlanta. 19 Atlanta properties visible on source page. 103 available spaces visible at market level.,https://s3.us-east-1.amazonaws.com/assets-v2.highwoods.com/content-refresh/images/properties/_propertyHero/1501616806.riverwood-200-front.jpg,https://s3.us-east-1.amazonaws.com/assets-v2.highwoods.com/content-refresh/pdf/RW200-Suite-900-25795-RSF.pdf,0.98,FALSE,2026-05-05T15:55:30.806Z
landlord_website,Highwoods Atlanta market page,https://www.highwoods.com/find-your-space/detail/one-alliance-center,,Highwoods Properties,John Grimsley,John.Grimsley@highwoods.com,404-443-1875,One Alliance,"3500 Lenox Road Northeast, Buckhead",Atlanta,GA,Office,14,Suite 250,10942,,"Detail page description: Discover premium Class A office space at One Alliance Center in Buckhead, Atlanta. Enjoy modern amenities, LEED certification and direct access to top dining, retail and transit options. Lease with Highwoods today. Market source: https://www.highwoods.com/meet-highwoods/our-markets/atlanta. 19 Atlanta properties visible on source page. 103 available spaces visible at market level.",https://s3.us-east-1.amazonaws.com/assets-v2.highwoods.com/content-refresh/images/properties/_propertyHero/One-Alliance-Alternate-Glory-Shot.jpg,https://s3.us-east-1.amazonaws.com/assets-v2.highwoods.com/content-refresh/pdf/OAC-Suite-250-10942-RSF.pdf,0.98,FALSE,2026-05-05T15:55:30.806Z
landlord_website,Highwoods Atlanta market page,https://www.highwoods.com/find-your-space/detail/one-alliance-center,,Highwoods Properties,John Grimsley,John.Grimsley@highwoods.com,404-443-1875,One Alliance,"3500 Lenox Road Northeast, Buckhead",Atlanta,GA,Office,14,Suite 375,4569,,"Available now Detail page description: Discover premium Class A office space at One Alliance Center in Buckhead, Atlanta. Enjoy modern amenities, LEED certification and direct access to top dining, retail and transit options. Lease with Highwoods today. Market source: https://www.highwoods.com/meet-highwoods/our-markets/atlanta. 19 Atlanta properties visible on source page. 103 available spaces visible at market level.",https://s3.us-east-1.amazonaws.com/assets-v2.highwoods.com/content-refresh/images/properties/_propertyHero/One-Alliance-Alternate-Glory-Shot.jpg,,0.98,FALSE,2026-05-05T15:55:30.806Z
landlord_website,Highwoods Atlanta market page,https://www.highwoods.com/find-your-space/detail/one-alliance-center,,Highwoods Properties,John Grimsley,John.Grimsley@highwoods.com,404-443-1875,One Alliance,"3500 Lenox Road Northeast, Buckhead",Atlanta,GA,Office,14,Suite 720,2939,,"Available now Virtual tour visible: https://view.ricoh360.com/298e07dc-979a-41b6-ad79-f09922b8dc49 Detail page description: Discover premium Class A office space at One Alliance Center in Buckhead, Atlanta. Enjoy modern amenities, LEED certification and direct access to top dining, retail and transit options. Lease with Highwoods today. Market source: https://www.highwoods.com/meet-highwoods/our-markets/atlanta. 19 Atlanta properties visible on source page. 103 available spaces visible at market level.",https://s3.us-east-1.amazonaws.com/assets-v2.highwoods.com/content-refresh/images/properties/_propertyHero/One-Alliance-Alternate-Glory-Shot.jpg,https://s3.us-east-1.amazonaws.com/assets-v2.highwoods.com/content-refresh/pdf/OAC-Suite-720-2939-RSF.pdf,0.98,FALSE,2026-05-05T15:55:30.806Z
landlord_website,Highwoods Atlanta market page,https://www.highwoods.com/find-your-space/detail/one-alliance-center,,Highwoods Properties,John Grimsley,John.Grimsley@highwoods.com,404-443-1875,One Alliance,"3500 Lenox Road Northeast, Buckhead",Atlanta,GA,Office,14,Suite 850,12466,,"Available now Detail page description: Discover premium Class A office space at One Alliance Center in Buckhead, Atlanta. Enjoy modern amenities, LEED certification and direct access to top dining, retail and transit options. Lease with Highwoods today. Market source: https://www.highwoods.com/meet-highwoods/our-markets/atlanta. 19 Atlanta properties visible on source page. 103 available spaces visible at market level.",https://s3.us-east-1.amazonaws.com/assets-v2.highwoods.com/content-refresh/images/properties/_propertyHero/One-Alliance-Alternate-Glory-Shot.jpg,https://s3.us-east-1.amazonaws.com/assets-v2.highwoods.com/content-refresh/pdf/OAC-Suites-850_875-12466-RSF_2025-11-12-193052_oebv.pdf,0.98,FALSE,2026-05-05T15:55:30.806Z
landlord_website,Highwoods Atlanta market page,https://www.highwoods.com/find-your-space/detail/one-alliance-center,,Highwoods Properties,John Grimsley,John.Grimsley@highwoods.com,404-443-1875,One Alliance,"3500 Lenox Road Northeast, Buckhead",Atlanta,GA,Office,14,Suite 1000,19550,,"Available now Detail page description: Discover premium Class A office space at One Alliance Center in Buckhead, Atlanta. Enjoy modern amenities, LEED certification and direct access to top dining, retail and transit options. Lease with Highwoods today. Market source: https://www.highwoods.com/meet-highwoods/our-markets/atlanta. 19 Atlanta properties visible on source page. 103 available spaces visible at market level.",https://s3.us-east-1.amazonaws.com/assets-v2.highwoods.com/content-refresh/images/properties/_propertyHero/One-Alliance-Alternate-Glory-Shot.jpg,https://s3.us-east-1.amazonaws.com/assets-v2.highwoods.com/content-refresh/pdf/OAC-Suite-1000-1075-19550-RSF_2025-11-12-193153_jfbn.pdf,0.98,FALSE,2026-05-05T15:55:30.806Z
landlord_website,Highwoods Atlanta market page,https://www.highwoods.com/find-your-space/detail/one-alliance-center,,Highwoods Properties,John Grimsley,John.Grimsley@highwoods.com,404-443-1875,One Alliance,"3500 Lenox Road Northeast, Buckhead",Atlanta,GA,Office,14,Suite 1100,25749,,"Available now Detail page description: Discover premium Class A office space at One Alliance Center in Buckhead, Atlanta. Enjoy modern amenities, LEED certification and direct access to top dining, retail and transit options. Lease with Highwoods today. Market source: https://www.highwoods.com/meet-highwoods/our-markets/atlanta. 19 Atlanta properties visible on source page. 103 available spaces visible at market level.",https://s3.us-east-1.amazonaws.com/assets-v2.highwoods.com/content-refresh/images/properties/_propertyHero/One-Alliance-Alternate-Glory-Shot.jpg,https://s3.us-east-1.amazonaws.com/assets-v2.highwoods.com/content-refresh/pdf/OAC-Suite-1100-25749-RSF_2025-11-12-193251_mjtp.pdf,0.98,FALSE,2026-05-05T15:55:30.806Z
landlord_website,Highwoods Atlanta market page,https://www.highwoods.com/find-your-space/detail/one-alliance-center,,Highwoods Properties,John Grimsley,John.Grimsley@highwoods.com,404-443-1875,One Alliance,"3500 Lenox Road Northeast, Buckhead",Atlanta,GA,Office,14,Suite 1275,3667,,"Available now Virtual tour visible: https://view.ricohtours.com/47f1ba90-26b7-41bd-b372-3e63d18245cd?type=compact Detail page description: Discover premium Class A office space at One Alliance Center in Buckhead, Atlanta. Enjoy modern amenities, LEED certification and direct access to top dining, retail and transit options. Lease with Highwoods today. Market source: https://www.highwoods.com/meet-highwoods/our-markets/atlanta. 19 Atlanta properties visible on source page. 103 available spaces visible at market level.",https://s3.us-east-1.amazonaws.com/assets-v2.highwoods.com/content-refresh/images/properties/_propertyHero/One-Alliance-Alternate-Glory-Shot.jpg,https://s3.us-east-1.amazonaws.com/assets-v2.highwoods.com/content-refresh/pdf/OAC-Suite-1275-3667-RSF_2025-11-12-193321_miss.pdf,0.98,TRUE,2026-05-05T15:55:30.806Z
landlord_website,Highwoods Atlanta market page,https://www.highwoods.com/find-your-space/detail/one-alliance-center,,Highwoods Properties,John Grimsley,John.Grimsley@highwoods.com,404-443-1875,One Alliance,"3500 Lenox Road Northeast, Buckhead",Atlanta,GA,Office,14,Suite 1450,2546,,"Available now Virtual tour visible: https://view.ricoh360.com/baacf5aa-56ed-49f5-a63b-db13b95e351c Detail page description: Discover premium Class A office space at One Alliance Center in Buckhead, Atlanta. Enjoy modern amenities, LEED certification and direct access to top dining, retail and transit options. Lease with Highwoods today. Market source: https://www.highwoods.com/meet-highwoods/our-markets/atlanta. 19 Atlanta properties visible on source page. 103 available spaces visible at market level.",https://s3.us-east-1.amazonaws.com/assets-v2.highwoods.com/content-refresh/images/properties/_propertyHero/One-Alliance-Alternate-Glory-Shot.jpg,https://s3.us-east-1.amazonaws.com/assets-v2.highwoods.com/content-refresh/pdf/OAC-Suite-1450-2546-RSF_2025-11-12-193421_wuhl.pdf,0.98,TRUE,2026-05-05T15:55:30.806Z
landlord_website,Highwoods Atlanta market page,https://www.highwoods.com/find-your-space/detail/one-alliance-center,,Highwoods Properties,John Grimsley,John.Grimsley@highwoods.com,404-443-1875,One Alliance,"3500 Lenox Road Northeast, Buckhead",Atlanta,GA,Office,14,Suite 1500,26419,,"Available now Detail page description: Discover premium Class A office space at One Alliance Center in Buckhead, Atlanta. Enjoy modern amenities, LEED certification and direct access to top dining, retail and transit options. Lease with Highwoods today. Market source: https://www.highwoods.com/meet-highwoods/our-markets/atlanta. 19 Atlanta properties visible on source page. 103 available spaces visible at market level.",https://s3.us-east-1.amazonaws.com/assets-v2.highwoods.com/content-refresh/images/properties/_propertyHero/One-Alliance-Alternate-Glory-Shot.jpg,,0.98,TRUE,2026-05-05T15:55:30.806Z
landlord_website,Highwoods Atlanta market page,https://www.highwoods.com/find-your-space/detail/one-alliance-center,,Highwoods Properties,John Grimsley,John.Grimsley@highwoods.com,404-443-1875,One Alliance,"3500 Lenox Road Northeast, Buckhead",Atlanta,GA,Office,14,Suite 1625,1925,,"Available now Detail page description: Discover premium Class A office space at One Alliance Center in Buckhead, Atlanta. Enjoy modern amenities, LEED certification and direct access to top dining, retail and transit options. Lease with Highwoods today. Market source: https://www.highwoods.com/meet-highwoods/our-markets/atlanta. 19 Atlanta properties visible on source page. 103 available spaces visible at market level.",https://s3.us-east-1.amazonaws.com/assets-v2.highwoods.com/content-refresh/images/properties/_propertyHero/One-Alliance-Alternate-Glory-Shot.jpg,,0.98,TRUE,2026-05-05T15:55:30.806Z
landlord_website,Highwoods Atlanta market page,https://www.highwoods.com/find-your-space/detail/one-alliance-center,,Highwoods Properties,John Grimsley,John.Grimsley@highwoods.com,404-443-1875,One Alliance,"3500 Lenox Road Northeast, Buckhead",Atlanta,GA,Office,14,Suite 1750,5177,,"Available now Detail page description: Discover premium Class A office space at One Alliance Center in Buckhead, Atlanta. Enjoy modern amenities, LEED certification and direct access to top dining, retail and transit options. Lease with Highwoods today. Market source: https://www.highwoods.com/meet-highwoods/our-markets/atlanta. 19 Atlanta properties visible on source page. 103 available spaces visible at market level.",https://s3.us-east-1.amazonaws.com/assets-v2.highwoods.com/content-refresh/images/properties/_propertyHero/One-Alliance-Alternate-Glory-Shot.jpg,https://s3.us-east-1.amazonaws.com/assets-v2.highwoods.com/content-refresh/pdf/OAC-Suite-1750-5177-RSF.pdf,0.98,TRUE,2026-05-05T15:55:30.806Z
landlord_website,Highwoods Atlanta market page,https://www.highwoods.com/find-your-space/detail/one-alliance-center,,Highwoods Properties,John Grimsley,John.Grimsley@highwoods.com,404-443-1875,One Alliance,"3500 Lenox Road Northeast, Buckhead",Atlanta,GA,Office,14,Suite 1760,3237,,"Available now Virtual tour visible: https://view.ricoh360.com/e768f8ec-9b56-4bbb-b3e0-edb284b2b846 Detail page description: Discover premium Class A office space at One Alliance Center in Buckhead, Atlanta. Enjoy modern amenities, LEED certification and direct access to top dining, retail and transit options. Lease with Highwoods today. Market source: https://www.highwoods.com/meet-highwoods/our-markets/atlanta. 19 Atlanta properties visible on source page. 103 available spaces visible at market level.",https://s3.us-east-1.amazonaws.com/assets-v2.highwoods.com/content-refresh/images/properties/_propertyHero/One-Alliance-Alternate-Glory-Shot.jpg,https://s3.us-east-1.amazonaws.com/assets-v2.highwoods.com/content-refresh/pdf/OAC-Suite-1760-3237-RSF-Spec-Suite_2025-11-12-193637_wfxo.pdf,0.98,TRUE,2026-05-05T15:55:30.806Z
landlord_website,Highwoods Atlanta market page,https://www.highwoods.com/find-your-space/detail/one-alliance-center,,Highwoods Properties,John Grimsley,John.Grimsley@highwoods.com,404-443-1875,One Alliance,"3500 Lenox Road Northeast, Buckhead",Atlanta,GA,Office,14,Suite 1825,2036,,"Available now Virtual tour visible: https://view.ricoh360.com/7a4d7e05-1d51-4a60-809c-d17859891367 Detail page description: Discover premium Class A office space at One Alliance Center in Buckhead, Atlanta. Enjoy modern amenities, LEED certification and direct access to top dining, retail and transit options. Lease with Highwoods today. Market source: https://www.highwoods.com/meet-highwoods/our-markets/atlanta. 19 Atlanta properties visible on source page. 103 available spaces visible at market level.",https://s3.us-east-1.amazonaws.com/assets-v2.highwoods.com/content-refresh/images/properties/_propertyHero/One-Alliance-Alternate-Glory-Shot.jpg,https://s3.us-east-1.amazonaws.com/assets-v2.highwoods.com/content-refresh/pdf/OAC-Suite-1825-2036-RSF_2025-11-12-193708_xzqf.pdf,0.98,TRUE,2026-05-05T15:55:30.806Z
landlord_website,Highwoods Atlanta market page,https://www.highwoods.com/find-your-space/detail/one-alliance-center,,Highwoods Properties,John Grimsley,John.Grimsley@highwoods.com,404-443-1875,One Alliance,"3500 Lenox Road Northeast, Buckhead",Atlanta,GA,Office,14,Suite 1900,26566,,"Available now Virtual tour visible: https://view.ricoh360.com/cd101a99-bbc8-4a9a-a72c-f236cdb19c95 Detail page description: Discover premium Class A office space at One Alliance Center in Buckhead, Atlanta. Enjoy modern amenities, LEED certification and direct access to top dining, retail and transit options. Lease with Highwoods today. Market source: https://www.highwoods.com/meet-highwoods/our-markets/atlanta. 19 Atlanta properties visible on source page. 103 available spaces visible at market level.",https://s3.us-east-1.amazonaws.com/assets-v2.highwoods.com/content-refresh/images/properties/_propertyHero/One-Alliance-Alternate-Glory-Shot.jpg,https://s3.us-east-1.amazonaws.com/assets-v2.highwoods.com/content-refresh/pdf/OAC-Suite-1900-26566-RSF_2025-11-12-193736_jvem.pdf,0.98,TRUE,2026-05-05T15:55:30.806Z
landlord_website,Highwoods Atlanta market page,https://www.highwoods.com/find-your-space/detail/two-alliance-center,,Highwoods Properties,John Grimsley,John.Grimsley@highwoods.com,404-443-1875,Two Alliance,3560 Lenox Road NE,Atlanta,GA,Office,5,Suite 1230,3226,,"Available now Detail page description: Discover Two Alliance Center in Buckhead, Atlanta—an iconic 30-story office tower offering newly renovated spaces, resort-style amenities, direct access to Lenox Road, GA-400 and top-tier dining, retail and hotels. Explore available suites and experience Highwoods’ signature service. Market source: https://www.highwoods.com/meet-highwoods/our-markets/atlanta. 19 Atlanta properties visible on source page. 103 available spaces visible at market level.",https://s3.us-east-1.amazonaws.com/assets-v2.highwoods.com/content-refresh/images/properties/_propertyHero/attachment-18.jpg,https://s3.us-east-1.amazonaws.com/assets-v2.highwoods.com/content-refresh/pdf/TAC-Suite-1230-2677-RSF.pdf,0.98,TRUE,2026-05-05T15:55:30.806Z
landlord_website,Highwoods Atlanta market page,https://www.highwoods.com/find-your-space/detail/two-alliance-center,,Highwoods Properties,John Grimsley,John.Grimsley@highwoods.com,404-443-1875,Two Alliance,3560 Lenox Road NE,Atlanta,GA,Office,5,Suite 1255,6005,,"Available now Virtual tour visible: https://view.ricoh360.com/f087df22-eb87-4bbe-acd2-e6176bb779bb Detail page description: Discover Two Alliance Center in Buckhead, Atlanta—an iconic 30-story office tower offering newly renovated spaces, resort-style amenities, direct access to Lenox Road, GA-400 and top-tier dining, retail and hotels. Explore available suites and experience Highwoods’ signature service. Market source: https://www.highwoods.com/meet-highwoods/our-markets/atlanta. 19 Atlanta properties visible on source page. 103 available spaces visible at market level.",https://s3.us-east-1.amazonaws.com/assets-v2.highwoods.com/content-refresh/images/properties/_propertyHero/attachment-18.jpg,https://s3.us-east-1.amazonaws.com/assets-v2.highwoods.com/content-refresh/pdf/TAC-Suite-1255-6005-RSF-test-fit.pdf,0.98,TRUE,2026-05-05T15:55:30.806Z
landlord_website,Highwoods Atlanta market page,https://www.highwoods.com/find-your-space/detail/two-alliance-center,,Highwoods Properties,John Grimsley,John.Grimsley@highwoods.com,404-443-1875,Two Alliance,3560 Lenox Road NE,Atlanta,GA,Office,5,Suite 1425,2620,,"Available now Detail page description: Discover Two Alliance Center in Buckhead, Atlanta—an iconic 30-story office tower offering newly renovated spaces, resort-style amenities, direct access to Lenox Road, GA-400 and top-tier dining, retail and hotels. Explore available suites and experience Highwoods’ signature service. Market source: https://www.highwoods.com/meet-highwoods/our-markets/atlanta. 19 Atlanta properties visible on source page. 103 available spaces visible at market level.",https://s3.us-east-1.amazonaws.com/assets-v2.highwoods.com/content-refresh/images/properties/_propertyHero/attachment-18.jpg,https://s3.us-east-1.amazonaws.com/assets-v2.highwoods.com/content-refresh/pdf/TAC-Suite-1425-2620-RSF_2025-11-12-195227_xfhf.pdf,0.98,TRUE,2026-05-05T15:55:30.806Z
landlord_website,Highwoods Atlanta market page,https://www.highwoods.com/find-your-space/detail/two-alliance-center,,Highwoods Properties,John Grimsley,John.Grimsley@highwoods.com,404-443-1875,Two Alliance,3560 Lenox Road NE,Atlanta,GA,Office,5,Suite 1700,26110,,"Available now Virtual tour visible: https://view.ricohtours.com/17bda7db-4794-4ed2-a61d-641bbbb8443c Detail page description: Discover Two Alliance Center in Buckhead, Atlanta—an iconic 30-story office tower offering newly renovated spaces, resort-style amenities, direct access to Lenox Road, GA-400 and top-tier dining, retail and hotels. Explore available suites and experience Highwoods’ signature service. Market source: https://www.highwoods.com/meet-highwoods/our-markets/atlanta. 19 Atlanta properties visible on source page. 103 available spaces visible at market level.",https://s3.us-east-1.amazonaws.com/assets-v2.highwoods.com/content-refresh/images/properties/_propertyHero/attachment-18.jpg,https://s3.us-east-1.amazonaws.com/assets-v2.highwoods.com/content-refresh/pdf/TAC-Suite-1700-26110-RSF_2025-11-12-195252_ldgb.pdf,0.98,TRUE,2026-05-05T15:55:30.806Z
landlord_website,Highwoods Atlanta market page,https://www.highwoods.com/find-your-space/detail/two-alliance-center,,Highwoods Properties,John Grimsley,John.Grimsley@highwoods.com,404-443-1875,Two Alliance,3560 Lenox Road NE,Atlanta,GA,Office,5,Suite 2950,8450,,"Available now Virtual tour visible: https://view.ricoh360.com/0d40aa1f-a389-4212-b5db-c9180050f15b Detail page description: Discover Two Alliance Center in Buckhead, Atlanta—an iconic 30-story office tower offering newly renovated spaces, resort-style amenities, direct access to Lenox Road, GA-400 and top-tier dining, retail and hotels. Explore available suites and experience Highwoods’ signature service. Market source: https://www.highwoods.com/meet-highwoods/our-markets/atlanta. 19 Atlanta properties visible on source page. 103 available spaces visible at market level.",https://s3.us-east-1.amazonaws.com/assets-v2.highwoods.com/content-refresh/images/properties/_propertyHero/attachment-18.jpg,https://s3.us-east-1.amazonaws.com/assets-v2.highwoods.com/content-refresh/pdf/TAC-Suite-2950-8450-RSF_2025-11-12-195314_upyh.pdf,0.98,TRUE,2026-05-05T15:55:30.806Z
landlord_website,Highwoods Atlanta market page,https://www.highwoods.com/find-your-space/detail/10-glenlake-north,,Highwoods Properties,John Grimsley,John.Grimsley@highwoods.com,404-443-1875,10 Glenlake North,10 Glenlake Parkway,Atlanta,GA,Office,5,Suite 100,7741,,"Available now Detail page description: Discover 10 Glenlake North, a renovated Class A office tower in Atlanta’s Central Perimeter with modern amenities, lake views and easy access to GA 400 and I-285. Market source: https://www.highwoods.com/meet-highwoods/our-markets/atlanta. 19 Atlanta properties visible on source page. 103 available spaces visible at market level.",https://s3.us-east-1.amazonaws.com/assets-v2.highwoods.com/content-refresh/images/properties/_propertyHero/1434402469.7da66babfa9faa9f299cd4ca3d856396.jpg,https://s3.us-east-1.amazonaws.com/assets-v2.highwoods.com/content-refresh/pdf/10Glenlake-North_Suite-100.pdf,0.98,TRUE,2026-05-05T15:55:30.806Z
landlord_website,Highwoods Atlanta market page,https://www.highwoods.com/find-your-space/detail/10-glenlake-north,,Highwoods Properties,John Grimsley,John.Grimsley@highwoods.com,404-443-1875,10 Glenlake North,10 Glenlake Parkway,Atlanta,GA,Office,5,Suite 125,5103,,"Available now Detail page description: Discover 10 Glenlake North, a renovated Class A office tower in Atlanta’s Central Perimeter with modern amenities, lake views and easy access to GA 400 and I-285. Market source: https://www.highwoods.com/meet-highwoods/our-markets/atlanta. 19 Atlanta properties visible on source page. 103 available spaces visible at market level.",https://s3.us-east-1.amazonaws.com/assets-v2.highwoods.com/content-refresh/images/properties/_propertyHero/1434402469.7da66babfa9faa9f299cd4ca3d856396.jpg,https://s3.us-east-1.amazonaws.com/assets-v2.highwoods.com/content-refresh/pdf/10Glenlake-North_Suite-125.pdf,0.98,TRUE,2026-05-05T15:55:30.806Z
landlord_website,Highwoods Atlanta market page,https://www.highwoods.com/find-your-space/detail/10-glenlake-north,,Highwoods Properties,John Grimsley,John.Grimsley@highwoods.com,404-443-1875,10 Glenlake North,10 Glenlake Parkway,Atlanta,GA,Office,5,Suite 500,11250,,"Available now Virtual tour visible: https://view.ricoh360.com/b40001de-c243-440d-ae3a-4d4fb699e29c Detail page description: Discover 10 Glenlake North, a renovated Class A office tower in Atlanta’s Central Perimeter with modern amenities, lake views and easy access to GA 400 and I-285. Market source: https://www.highwoods.com/meet-highwoods/our-markets/atlanta. 19 Atlanta properties visible on source page. 103 available spaces visible at market level.",https://s3.us-east-1.amazonaws.com/assets-v2.highwoods.com/content-refresh/images/properties/_propertyHero/1434402469.7da66babfa9faa9f299cd4ca3d856396.jpg,https://s3.us-east-1.amazonaws.com/assets-v2.highwoods.com/content-refresh/pdf/10Glenlake-North_Suite-500.pdf,0.98,TRUE,2026-05-05T15:55:30.806Z
landlord_website,Highwoods Atlanta market page,https://www.highwoods.com/find-your-space/detail/10-glenlake-north,,Highwoods Properties,John Grimsley,John.Grimsley@highwoods.com,404-443-1875,10 Glenlake North,10 Glenlake Parkway,Atlanta,GA,Office,5,Suite 525,2639,,"Available now Virtual tour visible: https://view.ricoh360.com/7462403a-1cb2-43f9-b8e4-571c4e2c6766 Detail page description: Discover 10 Glenlake North, a renovated Class A office tower in Atlanta’s Central Perimeter with modern amenities, lake views and easy access to GA 400 and I-285. Market source: https://www.highwoods.com/meet-highwoods/our-markets/atlanta. 19 Atlanta properties visible on source page. 103 available spaces visible at market level.",https://s3.us-east-1.amazonaws.com/assets-v2.highwoods.com/content-refresh/images/properties/_propertyHero/1434402469.7da66babfa9faa9f299cd4ca3d856396.jpg,https://s3.us-east-1.amazonaws.com/assets-v2.highwoods.com/content-refresh/pdf/10Glenlake-North_Suite-525.pdf,0.98,TRUE,2026-05-05T15:55:30.806Z
landlord_website,Highwoods Atlanta market page,https://www.highwoods.com/find-your-space/detail/10-glenlake-north,,Highwoods Properties,John Grimsley,John.Grimsley@highwoods.com,404-443-1875,10 Glenlake North,10 Glenlake Parkway,Atlanta,GA,Office,5,Suite 600,27414,,"Available now Virtual tour visible: https://view.ricohtours.com/3c6ea789-bcdc-4dbc-9010-b0926f3b1439?type=compact Detail page description: Discover 10 Glenlake North, a renovated Class A office tower in Atlanta’s Central Perimeter with modern amenities, lake views and easy access to GA 400 and I-285. Market source: https://www.highwoods.com/meet-highwoods/our-markets/atlanta. 19 Atlanta properties visible on source page. 103 available spaces visible at market level.",https://s3.us-east-1.amazonaws.com/assets-v2.highwoods.com/content-refresh/images/properties/_propertyHero/1434402469.7da66babfa9faa9f299cd4ca3d856396.jpg,https://s3.us-east-1.amazonaws.com/assets-v2.highwoods.com/content-refresh/pdf/10Glenlake-North_Suite-600.pdf,0.98,TRUE,2026-05-05T15:55:30.806Z
landlord_website,Highwoods Atlanta market page,https://www.highwoods.com/find-your-space/detail/10-glenlake-south,,Highwoods Properties,John Grimsley,John.Grimsley@highwoods.com,404-443-1875,10 Glenlake South,10 Glenlake Parkway,Atlanta,GA,Office,5,Suite 150,5610,,"Detail page description: Experience 10 Glenlake South, a renovated Class A office tower in Atlanta’s Central Perimeter with modern amenities, lake views and easy access to GA 400 and I-285. Market source: https://www.highwoods.com/meet-highwoods/our-markets/atlanta. 19 Atlanta properties visible on source page. 103 available spaces visible at market level.",https://s3.us-east-1.amazonaws.com/assets-v2.highwoods.com/content-refresh/images/properties/_propertyHero/1433863906.c9611cb9a19a9ea55e0ec7c3bf4401cd.jpg,https://s3.us-east-1.amazonaws.com/assets-v2.highwoods.com/content-refresh/pdf/10-Glenlake-South-Floor-Plans_Suite-150.pdf,0.98,TRUE,2026-05-05T15:55:30.806Z
landlord_website,Highwoods Atlanta market page,https://www.highwoods.com/find-your-space/detail/10-glenlake-south,,Highwoods Properties,John Grimsley,John.Grimsley@highwoods.com,404-443-1875,10 Glenlake South,10 Glenlake Parkway,Atlanta,GA,Office,5,Suite 345,2600,,"Available now Detail page description: Experience 10 Glenlake South, a renovated Class A office tower in Atlanta’s Central Perimeter with modern amenities, lake views and easy access to GA 400 and I-285. Market source: https://www.highwoods.com/meet-highwoods/our-markets/atlanta. 19 Atlanta properties visible on source page. 103 available spaces visible at market level.",https://s3.us-east-1.amazonaws.com/assets-v2.highwoods.com/content-refresh/images/properties/_propertyHero/1433863906.c9611cb9a19a9ea55e0ec7c3bf4401cd.jpg,,0.98,TRUE,2026-05-05T15:55:30.806Z
landlord_website,Highwoods Atlanta market page,https://www.highwoods.com/find-your-space/detail/10-glenlake-south,,Highwoods Properties,John Grimsley,John.Grimsley@highwoods.com,404-443-1875,10 Glenlake South,10 Glenlake Parkway,Atlanta,GA,Office,5,Suite 375,3630,,"Available now Virtual tour visible: https://view.ricoh360.com/98ff2717-141f-48ff-b488-111adc6fadb3 Detail page description: Experience 10 Glenlake South, a renovated Class A office tower in Atlanta’s Central Perimeter with modern amenities, lake views and easy access to GA 400 and I-285. Market source: https://www.highwoods.com/meet-highwoods/our-markets/atlanta. 19 Atlanta properties visible on source page. 103 available spaces visible at market level.",https://s3.us-east-1.amazonaws.com/assets-v2.highwoods.com/content-refresh/images/properties/_propertyHero/1433863906.c9611cb9a19a9ea55e0ec7c3bf4401cd.jpg,https://s3.us-east-1.amazonaws.com/assets-v2.highwoods.com/content-refresh/pdf/10-Glenlake-South-Floor-Plans_Suite-375.pdf,0.98,TRUE,2026-05-05T15:55:30.806Z
landlord_website,Highwoods Atlanta market page,https://www.highwoods.com/find-your-space/detail/10-glenlake-south,,Highwoods Properties,John Grimsley,John.Grimsley@highwoods.com,404-443-1875,10 Glenlake South,10 Glenlake Parkway,Atlanta,GA,Office,5,Suite 900,23937,,"Available now Virtual tour visible: https://view.ricoh360.com/0598a127-c36f-4f7e-9a61-38621a4a0f0e Detail page description: Experience 10 Glenlake South, a renovated Class A office tower in Atlanta’s Central Perimeter with modern amenities, lake views and easy access to GA 400 and I-285. Market source: https://www.highwoods.com/meet-highwoods/our-markets/atlanta. 19 Atlanta properties visible on source page. 103 available spaces visible at market level.",https://s3.us-east-1.amazonaws.com/assets-v2.highwoods.com/content-refresh/images/properties/_propertyHero/1433863906.c9611cb9a19a9ea55e0ec7c3bf4401cd.jpg,https://s3.us-east-1.amazonaws.com/assets-v2.highwoods.com/content-refresh/pdf/10-Glenlake-South-Floor-Plans_Suite-900.pdf,0.98,TRUE,2026-05-05T15:55:30.806Z
landlord_website,Highwoods Atlanta market page,https://www.highwoods.com/find-your-space/detail/10-glenlake-south,,Highwoods Properties,John Grimsley,John.Grimsley@highwoods.com,404-443-1875,10 Glenlake South,10 Glenlake Parkway,Atlanta,GA,Office,5,Suite 1000,25987,,"Available now Detail page description: Experience 10 Glenlake South, a renovated Class A office tower in Atlanta’s Central Perimeter with modern amenities, lake views and easy access to GA 400 and I-285. Market source: https://www.highwoods.com/meet-highwoods/our-markets/atlanta. 19 Atlanta properties visible on source page. 103 available spaces visible at market level.",https://s3.us-east-1.amazonaws.com/assets-v2.highwoods.com/content-refresh/images/properties/_propertyHero/1433863906.c9611cb9a19a9ea55e0ec7c3bf4401cd.jpg,https://s3.us-east-1.amazonaws.com/assets-v2.highwoods.com/content-refresh/pdf/10-Glenlake-South-Floor-Plans_Suite-1000.pdf,0.98,TRUE,2026-05-05T15:55:30.806Z
landlord_website,Highwoods Atlanta market page,https://www.highwoods.com/find-your-space/detail/1825-century-boulevard,,Highwoods Properties,John Grimsley,John.Grimsley@highwoods.com,404-443-1875,1825 Century Boulevard,1825 Century Boulevard,Atlanta,GA,Office,,,,,Availability count was not visible on the market page or property is waitlist only. Market source: https://www.highwoods.com/meet-highwoods/our-markets/atlanta. 19 Atlanta properties visible on source page. 103 available spaces visible at market level.,https://s3.us-east-1.amazonaws.com/assets-v2.highwoods.com/content-refresh/images/properties/_propertyHero/1434468792.701d4af5bb42246b48e3afb0ca357029.jpg,https://s3.us-east-1.amazonaws.com/assets-v2.highwoods.com/content-refresh/1825-Century-Blvd-Data-Sheet.pdf,0.9,TRUE,2026-05-05T15:55:30.806Z
landlord_website,Highwoods Atlanta market page,https://www.highwoods.com/find-your-space/detail/1875-century-boulevard,,Highwoods Properties,John Grimsley,John.Grimsley@highwoods.com,404-443-1875,1875 Century Boulevard,1875 Century Boulevard,Atlanta,GA,Office,2,Suite 250,3968,,Available now Market source: https://www.highwoods.com/meet-highwoods/our-markets/atlanta. 19 Atlanta properties visible on source page. 103 available spaces visible at market level.,https://s3.us-east-1.amazonaws.com/assets-v2.highwoods.com/content-refresh/images/properties/_propertyHero/1495645501.1875-exterior.jpg,https://s3.us-east-1.amazonaws.com/assets-v2.highwoods.com/content-refresh/pdf/1875-CC-Suite-250-3968-RSF_2025-11-12-202628_duxd.pdf,0.98,TRUE,2026-05-05T15:55:30.806Z
landlord_website,Highwoods Atlanta market page,https://www.highwoods.com/find-your-space/detail/1875-century-boulevard,,Highwoods Properties,John Grimsley,John.Grimsley@highwoods.com,404-443-1875,1875 Century Boulevard,1875 Century Boulevard,Atlanta,GA,Office,2,Suite 450,8051,,Available now Market source: https://www.highwoods.com/meet-highwoods/our-markets/atlanta. 19 Atlanta properties visible on source page. 103 available spaces visible at market level.,https://s3.us-east-1.amazonaws.com/assets-v2.highwoods.com/content-refresh/images/properties/_propertyHero/1495645501.1875-exterior.jpg,https://s3.us-east-1.amazonaws.com/assets-v2.highwoods.com/content-refresh/pdf/1875-CC-Suite-450-8051-RSF.pdf,0.98,TRUE,2026-05-05T15:55:30.806Z
landlord_website,Highwoods Atlanta market page,https://www.highwoods.com/find-your-space/detail/2200-century-parkway,,Highwoods Properties,John Grimsley,John.Grimsley@highwoods.com,404-443-1875,2200 Century Parkway,2200 Century Parkway,Atlanta,GA,Office,8,Suite 100,4862,,Available now Virtual tour visible: https://view.ricoh360.com/fd4e8013-6df5-4898-b53c-a910204157aa Market source: https://www.highwoods.com/meet-highwoods/our-markets/atlanta. 19 Atlanta properties visible on source page. 103 available spaces visible at market level.,https://s3.us-east-1.amazonaws.com/assets-v2.highwoods.com/content-refresh/images/properties/_propertyHero/1434572817.92298b3d737bfc11f5d04320025bb305.jpg,,0.98,TRUE,2026-05-05T15:55:30.806Z
landlord_website,Highwoods Atlanta market page,https://www.highwoods.com/find-your-space/detail/2200-century-parkway,,Highwoods Properties,John Grimsley,John.Grimsley@highwoods.com,404-443-1875,2200 Century Parkway,2200 Century Parkway,Atlanta,GA,Office,8,Suite 160,1198,,Available now Market source: https://www.highwoods.com/meet-highwoods/our-markets/atlanta. 19 Atlanta properties visible on source page. 103 available spaces visible at market level.,https://s3.us-east-1.amazonaws.com/assets-v2.highwoods.com/content-refresh/images/properties/_propertyHero/1434572817.92298b3d737bfc11f5d04320025bb305.jpg,https://s3.us-east-1.amazonaws.com/assets-v2.highwoods.com/content-refresh/pdf/2200-CC-Suite-160-1198-RSF.pdf,0.98,TRUE,2026-05-05T15:55:30.806Z
landlord_website,Highwoods Atlanta market page,https://www.highwoods.com/find-your-space/detail/2200-century-parkway,,Highwoods Properties,John Grimsley,John.Grimsley@highwoods.com,404-443-1875,2200 Century Parkway,2200 Century Parkway,Atlanta,GA,Office,8,Suite 250,3692,,Available now Virtual tour visible: https://view.ricoh360.com/cbbaa659-81db-4efe-b673-427afd459230 Market source: https://www.highwoods.com/meet-highwoods/our-markets/atlanta. 19 Atlanta properties visible on source page. 103 available spaces visible at market level.,https://s3.us-east-1.amazonaws.com/assets-v2.highwoods.com/content-refresh/images/properties/_propertyHero/1434572817.92298b3d737bfc11f5d04320025bb305.jpg,https://s3.us-east-1.amazonaws.com/assets-v2.highwoods.com/content-refresh/pdf/2200-CC-Suite-250-3692-RSF_2025-11-12-193917_vmxn.pdf,0.98,TRUE,2026-05-05T15:55:30.806Z
landlord_website,Highwoods Atlanta market page,https://www.highwoods.com/find-your-space/detail/2200-century-parkway,,Highwoods Properties,John Grimsley,John.Grimsley@highwoods.com,404-443-1875,2200 Century Parkway,2200 Century Parkway,Atlanta,GA,Office,8,Suite 300,13597,,Available now Market source: https://www.highwoods.com/meet-highwoods/our-markets/atlanta. 19 Atlanta properties visible on source page. 103 available spaces visible at market level.,https://s3.us-east-1.amazonaws.com/assets-v2.highwoods.com/content-refresh/images/properties/_propertyHero/1434572817.92298b3d737bfc11f5d04320025bb305.jpg,https://s3.us-east-1.amazonaws.com/assets-v2.highwoods.com/content-refresh/pdf/2200-CC-Suite-300-13597-RSF.pdf,0.98,TRUE,2026-05-05T15:55:30.806Z
landlord_website,Highwoods Atlanta market page,https://www.highwoods.com/find-your-space/detail/2200-century-parkway,,Highwoods Properties,John Grimsley,John.Grimsley@highwoods.com,404-443-1875,2200 Century Parkway,2200 Century Parkway,Atlanta,GA,Office,8,Suite 410,7305,,Market source: https://www.highwoods.com/meet-highwoods/our-markets/atlanta. 19 Atlanta properties visible on source page. 103 available spaces visible at market level.,https://s3.us-east-1.amazonaws.com/assets-v2.highwoods.com/content-refresh/images/properties/_propertyHero/1434572817.92298b3d737bfc11f5d04320025bb305.jpg,https://s3.us-east-1.amazonaws.com/assets-v2.highwoods.com/content-refresh/pdf/2200-CC-Suite-410-7305-RSF.pdf,0.98,TRUE,2026-05-05T15:55:30.806Z
landlord_website,Highwoods Atlanta market page,https://www.highwoods.com/find-your-space/detail/2200-century-parkway,,Highwoods Properties,John Grimsley,John.Grimsley@highwoods.com,404-443-1875,2200 Century Parkway,2200 Century Parkway,Atlanta,GA,Office,8,Suite 460,4464,,Available now Market source: https://www.highwoods.com/meet-highwoods/our-markets/atlanta. 19 Atlanta properties visible on source page. 103 available spaces visible at market level.,https://s3.us-east-1.amazonaws.com/assets-v2.highwoods.com/content-refresh/images/properties/_propertyHero/1434572817.92298b3d737bfc11f5d04320025bb305.jpg,https://s3.us-east-1.amazonaws.com/assets-v2.highwoods.com/content-refresh/pdf/2200-CC-Suite-460-4464-RSF_2025-11-12-193954_kiag.pdf,0.98,TRUE,2026-05-05T15:55:30.806Z
landlord_website,Highwoods Atlanta market page,https://www.highwoods.com/find-your-space/detail/2200-century-parkway,,Highwoods Properties,John Grimsley,John.Grimsley@highwoods.com,404-443-1875,2200 Century Parkway,2200 Century Parkway,Atlanta,GA,Office,8,Suite 750,7063,,Available now Market source: https://www.highwoods.com/meet-highwoods/our-markets/atlanta. 19 Atlanta properties visible on source page. 103 available spaces visible at market level.,https://s3.us-east-1.amazonaws.com/assets-v2.highwoods.com/content-refresh/images/properties/_propertyHero/1434572817.92298b3d737bfc11f5d04320025bb305.jpg,https://s3.us-east-1.amazonaws.com/assets-v2.highwoods.com/content-refresh/pdf/2200-CC-Suite-750-7063-RSF.pdf,0.98,TRUE,2026-05-05T15:55:30.806Z
landlord_website,Highwoods Atlanta market page,https://www.highwoods.com/find-your-space/detail/2200-century-parkway,,Highwoods Properties,John Grimsley,John.Grimsley@highwoods.com,404-443-1875,2200 Century Parkway,2200 Century Parkway,Atlanta,GA,Office,8,Suite 1000,9230,,Available now Market source: https://www.highwoods.com/meet-highwoods/our-markets/atlanta. 19 Atlanta properties visible on source page. 103 available spaces visible at market level.,https://s3.us-east-1.amazonaws.com/assets-v2.highwoods.com/content-refresh/images/properties/_propertyHero/1434572817.92298b3d737bfc11f5d04320025bb305.jpg,https://s3.us-east-1.amazonaws.com/assets-v2.highwoods.com/content-refresh/pdf/2200-CC-Suite-1000-9230-RSF_2026-01-12-152229_hmdn.pdf,0.98,TRUE,2026-05-05T15:55:30.806Z
landlord_website,Highwoods Atlanta market page,https://www.highwoods.com/find-your-space/detail/2400-century-parkway,,Highwoods Properties,John Grimsley,John.Grimsley@highwoods.com,404-443-1875,2400 Century Parkway,2400 Century Parkway,Atlanta,GA,Office,1,Suite 200,23809,,Available now Market source: https://www.highwoods.com/meet-highwoods/our-markets/atlanta. 19 Atlanta properties visible on source page. 103 available spaces visible at market level.,https://s3.us-east-1.amazonaws.com/assets-v2.highwoods.com/content-refresh/images/properties/_propertyHero/1434573785.1b81a8c8a6bc93d65904876d450f7884.jpg,https://s3.us-east-1.amazonaws.com/assets-v2.highwoods.com/content-refresh/pdf/2400-CC-Suite-200-24144-RSF_2025-11-12-202752_bwtw.pdf,0.98,TRUE,2026-05-05T15:55:30.806Z
landlord_website,Highwoods Atlanta market page,https://www.highwoods.com/find-your-space/detail/2600-century-parkway,,Highwoods Properties,John Grimsley,John.Grimsley@highwoods.com,404-443-1875,2600 Century Parkway,2600 Century Parkway,Atlanta,GA,Office,,,,,Availability count was not visible on the market page or property is waitlist only. Market source: https://www.highwoods.com/meet-highwoods/our-markets/atlanta. 19 Atlanta properties visible on source page. 103 available spaces visible at market level.,https://s3.us-east-1.amazonaws.com/assets-v2.highwoods.com/content-refresh/images/properties/_propertyHero/1434574064.c2fc5210951579ee7a9c130da0ea3b0b.jpg,https://s3.us-east-1.amazonaws.com/assets-v2.highwoods.com/content-refresh/2600-Century-Pkwy-Data-Sheet_2026-05-04-194708_gnny.pdf,0.9,TRUE,2026-05-05T15:55:30.806Z
landlord_website,Highwoods Atlanta market page,https://www.highwoods.com/find-your-space/detail/2635-century-parkway,,Highwoods Properties,John Grimsley,John.Grimsley@highwoods.com,404-443-1875,2635 Century Parkway,2635 Century Parkway,Atlanta,GA,Office,2,Suite 150,1950,,Available now Market source: https://www.highwoods.com/meet-highwoods/our-markets/atlanta. 19 Atlanta properties visible on source page. 103 available spaces visible at market level.,https://s3.us-east-1.amazonaws.com/assets-v2.highwoods.com/content-refresh/images/properties/_propertyHero/1434633784.dfbf0a527e870933dbba48618e4bdd49.jpg,https://s3.us-east-1.amazonaws.com/assets-v2.highwoods.com/content-refresh/pdf/2635-CC-Suite-150-1950-SF_2025-11-12-203150_rmcw.pdf,0.98,TRUE,2026-05-05T15:55:30.806Z
landlord_website,Highwoods Atlanta market page,https://www.highwoods.com/find-your-space/detail/2635-century-parkway,,Highwoods Properties,John Grimsley,John.Grimsley@highwoods.com,404-443-1875,2635 Century Parkway,2635 Century Parkway,Atlanta,GA,Office,2,Suite 275,3645,,Available now Market source: https://www.highwoods.com/meet-highwoods/our-markets/atlanta. 19 Atlanta properties visible on source page. 103 available spaces visible at market level.,https://s3.us-east-1.amazonaws.com/assets-v2.highwoods.com/content-refresh/images/properties/_propertyHero/1434633784.dfbf0a527e870933dbba48618e4bdd49.jpg,https://s3.us-east-1.amazonaws.com/assets-v2.highwoods.com/content-refresh/pdf/2635-CC-Suite-275-3645-RSF.pdf,0.98,TRUE,2026-05-05T15:55:30.806Z
landlord_website,Highwoods Atlanta market page,https://www.highwoods.com/find-your-space/detail/2800-century-parkway,,Highwoods Properties,John Grimsley,John.Grimsley@highwoods.com,404-443-1875,2800 Century Parkway,2800 Century Parkway,Atlanta,GA,Office,3,Suite 225,2400,,Available now Virtual tour visible: https://view.ricoh360.com/be452a1a-e002-4681-98fc-db66a6251e4e Market source: https://www.highwoods.com/meet-highwoods/our-markets/atlanta. 19 Atlanta properties visible on source page. 103 available spaces visible at market level.,https://s3.us-east-1.amazonaws.com/assets-v2.highwoods.com/content-refresh/images/properties/_propertyHero/1443209590.2800-century-center_ext-2012_07_120-dpi.jpg,https://s3.us-east-1.amazonaws.com/assets-v2.highwoods.com/content-refresh/pdf/2800-CC-Suite-225-2400-RSF.pdf,0.98,TRUE,2026-05-05T15:55:30.806Z
landlord_website,Highwoods Atlanta market page,https://www.highwoods.com/find-your-space/detail/2800-century-parkway,,Highwoods Properties,John Grimsley,John.Grimsley@highwoods.com,404-443-1875,2800 Century Parkway,2800 Century Parkway,Atlanta,GA,Office,3,Suite 250,3892,,Available now Virtual tour visible: https://view.ricoh360.com/4d3490eb-3391-4cee-b538-2c9b0ac1240b Market source: https://www.highwoods.com/meet-highwoods/our-markets/atlanta. 19 Atlanta properties visible on source page. 103 available spaces visible at market level.,https://s3.us-east-1.amazonaws.com/assets-v2.highwoods.com/content-refresh/images/properties/_propertyHero/1443209590.2800-century-center_ext-2012_07_120-dpi.jpg,https://s3.us-east-1.amazonaws.com/assets-v2.highwoods.com/content-refresh/pdf/2800-CC-Suite-250-3892-RSF_2025-11-12-203537_ndtn.pdf,0.98,TRUE,2026-05-05T15:55:30.806Z
landlord_website,Highwoods Atlanta market page,https://www.highwoods.com/find-your-space/detail/2800-century-parkway,,Highwoods Properties,John Grimsley,John.Grimsley@highwoods.com,404-443-1875,2800 Century Parkway,2800 Century Parkway,Atlanta,GA,Office,3,Suite 625,5278,,Available now Market source: https://www.highwoods.com/meet-highwoods/our-markets/atlanta. 19 Atlanta properties visible on source page. 103 available spaces visible at market level.,https://s3.us-east-1.amazonaws.com/assets-v2.highwoods.com/content-refresh/images/properties/_propertyHero/1443209590.2800-century-center_ext-2012_07_120-dpi.jpg,https://s3.us-east-1.amazonaws.com/assets-v2.highwoods.com/content-refresh/pdf/2800-CC-Suite-625-5278-RSF_2025-11-12-203608_cits.pdf,0.98,TRUE,2026-05-05T15:55:30.806Z
landlord_website,Highwoods Atlanta market page,https://www.highwoods.com/find-your-space/detail/2827-peachtree,,Highwoods Properties,John Grimsley,John.Grimsley@highwoods.com,404-443-1875,2827 Peachtree,"2827 Peachtree Road Northeast, Buckhead",Atlanta,GA,Office,1,Suite 350,8551,,"Available now Virtual tour visible: https://view.ricoh360.com/ca6a2192-b514-4049-ad6f-f6e603c10329 Detail page description: Discover prestigious office space at 2827 Peachtree in Atlanta&#039;s Buckhead district. Offering modern amenities, strategic location, and a professional environment for businesses seeking an upscale commercial address in Atlanta&#039;s premier business hub. Market source: https://www.highwoods.com/meet-highwoods/our-markets/atlanta. 19 Atlanta properties visible on source page. 103 available spaces visible at market level.",https://s3.us-east-1.amazonaws.com/assets-v2.highwoods.com/content-refresh/images/properties/_propertyHero/JandDimages-1012823-2006.jpg,https://s3.us-east-1.amazonaws.com/assets-v2.highwoods.com/content-refresh/pdf/2827-Suite-350-8551-RSF_2025-11-12-203400_kdby.pdf,0.98,TRUE,2026-05-05T15:55:30.806Z
landlord_website,Highwoods Atlanta market page,https://www.highwoods.com/find-your-space/detail/century-plaza-i,,Highwoods Properties,John Grimsley,John.Grimsley@highwoods.com,404-443-1875,Century Plaza I,2987 Clairmont Road,Atlanta,GA,Office,9,Suite 105,1266,,Available now Virtual tour visible: https://view.ricoh360.com/8425ee7e-9fe2-4c6e-836e-0512a5f871d7 Market source: https://www.highwoods.com/meet-highwoods/our-markets/atlanta. 19 Atlanta properties visible on source page. 103 available spaces visible at market level.,https://s3.us-east-1.amazonaws.com/assets-v2.highwoods.com/content-refresh/images/properties/_propertyHero/Century-Plaza-I_Ext_FGerlich_2016_01_Glory-Shot.jpg,https://s3.us-east-1.amazonaws.com/assets-v2.highwoods.com/content-refresh/pdf/Plaza-I-Suite-105-1579-RSF_2025-11-12-204137_rwba.pdf,0.98,TRUE,2026-05-05T15:55:30.806Z
landlord_website,Highwoods Atlanta market page,https://www.highwoods.com/find-your-space/detail/century-plaza-i,,Highwoods Properties,John Grimsley,John.Grimsley@highwoods.com,404-443-1875,Century Plaza I,2987 Clairmont Road,Atlanta,GA,Office,9,Suite 225,1527,,Available now Market source: https://www.highwoods.com/meet-highwoods/our-markets/atlanta. 19 Atlanta properties visible on source page. 103 available spaces visible at market level.,https://s3.us-east-1.amazonaws.com/assets-v2.highwoods.com/content-refresh/images/properties/_propertyHero/Century-Plaza-I_Ext_FGerlich_2016_01_Glory-Shot.jpg,https://s3.us-east-1.amazonaws.com/assets-v2.highwoods.com/content-refresh/pdf/Plaza-I-Suite-225-1527-RSF_2025-11-12-204236_firl.pdf,0.98,TRUE,2026-05-05T15:55:30.806Z
landlord_website,Highwoods Atlanta market page,https://www.highwoods.com/find-your-space/detail/century-plaza-i,,Highwoods Properties,John Grimsley,John.Grimsley@highwoods.com,404-443-1875,Century Plaza I,2987 Clairmont Road,Atlanta,GA,Office,9,Suite 230,2715,,Available now Market source: https://www.highwoods.com/meet-highwoods/our-markets/atlanta. 19 Atlanta properties visible on source page. 103 available spaces visible at market level.,https://s3.us-east-1.amazonaws.com/assets-v2.highwoods.com/content-refresh/images/properties/_propertyHero/Century-Plaza-I_Ext_FGerlich_2016_01_Glory-Shot.jpg,https://s3.us-east-1.amazonaws.com/assets-v2.highwoods.com/content-refresh/pdf/Plaza-I-Suite-230-2715-RSF_2025-11-12-204304_stqf.pdf,0.98,TRUE,2026-05-05T15:55:30.806Z
landlord_website,Highwoods Atlanta market page,https://www.highwoods.com/find-your-space/detail/century-plaza-i,,Highwoods Properties,John Grimsley,John.Grimsley@highwoods.com,404-443-1875,Century Plaza I,2987 Clairmont Road,Atlanta,GA,Office,9,Suite 300,11936,,Available now Virtual tour visible: https://view.ricoh360.com/5493ac6e-61f9-4017-b767-6f7985fd747f Market source: https://www.highwoods.com/meet-highwoods/our-markets/atlanta. 19 Atlanta properties visible on source page. 103 available spaces visible at market level.,https://s3.us-east-1.amazonaws.com/assets-v2.highwoods.com/content-refresh/images/properties/_propertyHero/Century-Plaza-I_Ext_FGerlich_2016_01_Glory-Shot.jpg,https://s3.us-east-1.amazonaws.com/assets-v2.highwoods.com/content-refresh/pdf/Plaza-I-Suite-300-11936-RSF_2025-11-12-204334_hwfk.pdf,0.98,TRUE,2026-05-05T15:55:30.806Z
landlord_website,Highwoods Atlanta market page,https://www.highwoods.com/find-your-space/detail/century-plaza-i,,Highwoods Properties,John Grimsley,John.Grimsley@highwoods.com,404-443-1875,Century Plaza I,2987 Clairmont Road,Atlanta,GA,Office,9,Suite 325,3510,,Available now Virtual tour visible: https://view.ricoh360.com/7689614d-ab41-4a60-ab58-3af3b77898f1 Market source: https://www.highwoods.com/meet-highwoods/our-markets/atlanta. 19 Atlanta properties visible on source page. 103 available spaces visible at market level.,https://s3.us-east-1.amazonaws.com/assets-v2.highwoods.com/content-refresh/images/properties/_propertyHero/Century-Plaza-I_Ext_FGerlich_2016_01_Glory-Shot.jpg,,0.98,TRUE,2026-05-05T15:55:30.806Z
landlord_website,Highwoods Atlanta market page,https://www.highwoods.com/find-your-space/detail/century-plaza-i,,Highwoods Properties,John Grimsley,John.Grimsley@highwoods.com,404-443-1875,Century Plaza I,2987 Clairmont Road,Atlanta,GA,Office,9,Suite 330,1475,,Available now Market source: https://www.highwoods.com/meet-highwoods/our-markets/atlanta. 19 Atlanta properties visible on source page. 103 available spaces visible at market level.,https://s3.us-east-1.amazonaws.com/assets-v2.highwoods.com/content-refresh/images/properties/_propertyHero/Century-Plaza-I_Ext_FGerlich_2016_01_Glory-Shot.jpg,https://s3.us-east-1.amazonaws.com/assets-v2.highwoods.com/content-refresh/pdf/CP1_Suite-330_1402-rsf.pdf,0.98,TRUE,2026-05-05T15:55:30.806Z
landlord_website,Highwoods Atlanta market page,https://www.highwoods.com/find-your-space/detail/century-plaza-i,,Highwoods Properties,John Grimsley,John.Grimsley@highwoods.com,404-443-1875,Century Plaza I,2987 Clairmont Road,Atlanta,GA,Office,9,Suite 445,627,,Available now Market source: https://www.highwoods.com/meet-highwoods/our-markets/atlanta. 19 Atlanta properties visible on source page. 103 available spaces visible at market level.,https://s3.us-east-1.amazonaws.com/assets-v2.highwoods.com/content-refresh/images/properties/_propertyHero/Century-Plaza-I_Ext_FGerlich_2016_01_Glory-Shot.jpg,,0.98,TRUE,2026-05-05T15:55:30.806Z
landlord_website,Highwoods Atlanta market page,https://www.highwoods.com/find-your-space/detail/century-plaza-i,,Highwoods Properties,John Grimsley,John.Grimsley@highwoods.com,404-443-1875,Century Plaza I,2987 Clairmont Road,Atlanta,GA,Office,9,Suite 450,6032,,Available now Virtual tour visible: https://view.ricoh360.com/36a3ee13-8a80-4776-9baf-93965c8903c8 Market source: https://www.highwoods.com/meet-highwoods/our-markets/atlanta. 19 Atlanta properties visible on source page. 103 available spaces visible at market level.,https://s3.us-east-1.amazonaws.com/assets-v2.highwoods.com/content-refresh/images/properties/_propertyHero/Century-Plaza-I_Ext_FGerlich_2016_01_Glory-Shot.jpg,https://s3.us-east-1.amazonaws.com/assets-v2.highwoods.com/content-refresh/pdf/Plaza-I-Suite-450-6032-RSF_2025-11-12-204433_ywbh.pdf,0.98,TRUE,2026-05-05T15:55:30.806Z
landlord_website,Highwoods Atlanta market page,https://www.highwoods.com/find-your-space/detail/century-plaza-i,,Highwoods Properties,John Grimsley,John.Grimsley@highwoods.com,404-443-1875,Century Plaza I,2987 Clairmont Road,Atlanta,GA,Office,9,Suite 500,17129,,Available now Market source: https://www.highwoods.com/meet-highwoods/our-markets/atlanta. 19 Atlanta properties visible on source page. 103 available spaces visible at market level.,https://s3.us-east-1.amazonaws.com/assets-v2.highwoods.com/content-refresh/images/properties/_propertyHero/Century-Plaza-I_Ext_FGerlich_2016_01_Glory-Shot.jpg,https://s3.us-east-1.amazonaws.com/assets-v2.highwoods.com/content-refresh/pdf/Plaza-I-Suite-500-17129-RSF_2025-11-12-204506_hedz.pdf,0.98,TRUE,2026-05-05T15:55:30.806Z
landlord_website,Highwoods Atlanta market page,https://www.highwoods.com/find-your-space/detail/century-plaza-ii,,Highwoods Properties,John Grimsley,John.Grimsley@highwoods.com,404-443-1875,Century Plaza II,2957 Clairmont Road,Atlanta,GA,Office,7,Suite 120/130,3512,,Available now Market source: https://www.highwoods.com/meet-highwoods/our-markets/atlanta. 19 Atlanta properties visible on source page. 103 available spaces visible at market level.,https://s3.us-east-1.amazonaws.com/assets-v2.highwoods.com/content-refresh/images/properties/_propertyHero/1434639739.bb21197823bd5b136d8773edd7cb8c56.jpg,https://s3.us-east-1.amazonaws.com/assets-v2.highwoods.com/content-refresh/pdf/Century-Plaza-II-Suites-120-130-3512-RSF_2025-11-12-203719_awwv.pdf,0.98,TRUE,2026-05-05T15:55:30.806Z
landlord_website,Highwoods Atlanta market page,https://www.highwoods.com/find-your-space/detail/century-plaza-ii,,Highwoods Properties,John Grimsley,John.Grimsley@highwoods.com,404-443-1875,Century Plaza II,2957 Clairmont Road,Atlanta,GA,Office,7,Suite 150,3698,,Available now Market source: https://www.highwoods.com/meet-highwoods/our-markets/atlanta. 19 Atlanta properties visible on source page. 103 available spaces visible at market level.,https://s3.us-east-1.amazonaws.com/assets-v2.highwoods.com/content-refresh/images/properties/_propertyHero/1434639739.bb21197823bd5b136d8773edd7cb8c56.jpg,https://s3.us-east-1.amazonaws.com/assets-v2.highwoods.com/content-refresh/pdf/Century-Plaza-II-Suite-150-3698-RSF_2025-11-12-203756_ovar.pdf,0.98,TRUE,2026-05-05T15:55:30.806Z
landlord_website,Highwoods Atlanta market page,https://www.highwoods.com/find-your-space/detail/century-plaza-ii,,Highwoods Properties,John Grimsley,John.Grimsley@highwoods.com,404-443-1875,Century Plaza II,2957 Clairmont Road,Atlanta,GA,Office,7,Suite 175/190,9020,,Available now Market source: https://www.highwoods.com/meet-highwoods/our-markets/atlanta. 19 Atlanta properties visible on source page. 103 available spaces visible at market level.,https://s3.us-east-1.amazonaws.com/assets-v2.highwoods.com/content-refresh/images/properties/_propertyHero/1434639739.bb21197823bd5b136d8773edd7cb8c56.jpg,https://s3.us-east-1.amazonaws.com/assets-v2.highwoods.com/content-refresh/pdf/Century-Plaza-II-Suites-175-190-9020-RSF_2025-11-12-203822_heeq.pdf,0.98,TRUE,2026-05-05T15:55:30.806Z
landlord_website,Highwoods Atlanta market page,https://www.highwoods.com/find-your-space/detail/century-plaza-ii,,Highwoods Properties,John Grimsley,John.Grimsley@highwoods.com,404-443-1875,Century Plaza II,2957 Clairmont Road,Atlanta,GA,Office,7,Suite 200,19339,,Available now Market source: https://www.highwoods.com/meet-highwoods/our-markets/atlanta. 19 Atlanta properties visible on source page. 103 available spaces visible at market level.,https://s3.us-east-1.amazonaws.com/assets-v2.highwoods.com/content-refresh/images/properties/_propertyHero/1434639739.bb21197823bd5b136d8773edd7cb8c56.jpg,https://s3.us-east-1.amazonaws.com/assets-v2.highwoods.com/content-refresh/pdf/Century-Plaza-II-2nd-floor-19339-RSF_2025-11-12-203903_rtix.pdf,0.98,TRUE,2026-05-05T15:55:30.806Z
landlord_website,Highwoods Atlanta market page,https://www.highwoods.com/find-your-space/detail/century-plaza-ii,,Highwoods Properties,John Grimsley,John.Grimsley@highwoods.com,404-443-1875,Century Plaza II,2957 Clairmont Road,Atlanta,GA,Office,7,Suite 300,22049,,Available now Market source: https://www.highwoods.com/meet-highwoods/our-markets/atlanta. 19 Atlanta properties visible on source page. 103 available spaces visible at market level.,https://s3.us-east-1.amazonaws.com/assets-v2.highwoods.com/content-refresh/images/properties/_propertyHero/1434639739.bb21197823bd5b136d8773edd7cb8c56.jpg,https://s3.us-east-1.amazonaws.com/assets-v2.highwoods.com/content-refresh/pdf/Century-Plaza-II-3rd-floor-22049-RSF_2025-11-12-203943_wlut.pdf,0.98,TRUE,2026-05-05T15:55:30.806Z
landlord_website,Highwoods Atlanta market page,https://www.highwoods.com/find-your-space/detail/century-plaza-ii,,Highwoods Properties,John Grimsley,John.Grimsley@highwoods.com,404-443-1875,Century Plaza II,2957 Clairmont Road,Atlanta,GA,Office,7,Suite 400,22486,,Available now Market source: https://www.highwoods.com/meet-highwoods/our-markets/atlanta. 19 Atlanta properties visible on source page. 103 available spaces visible at market level.,https://s3.us-east-1.amazonaws.com/assets-v2.highwoods.com/content-refresh/images/properties/_propertyHero/1434639739.bb21197823bd5b136d8773edd7cb8c56.jpg,https://s3.us-east-1.amazonaws.com/assets-v2.highwoods.com/content-refresh/pdf/Century-Plaza-II-4th-floor-22486-RSF_2025-11-12-204019_qtet.pdf,0.98,TRUE,2026-05-05T15:55:30.806Z
landlord_website,Highwoods Atlanta market page,https://www.highwoods.com/find-your-space/detail/century-plaza-ii,,Highwoods Properties,John Grimsley,John.Grimsley@highwoods.com,404-443-1875,Century Plaza II,2957 Clairmont Road,Atlanta,GA,Office,7,Suite 500,22384,,Available now Market source: https://www.highwoods.com/meet-highwoods/our-markets/atlanta. 19 Atlanta properties visible on source page. 103 available spaces visible at market level.,https://s3.us-east-1.amazonaws.com/assets-v2.highwoods.com/content-refresh/images/properties/_propertyHero/1434639739.bb21197823bd5b136d8773edd7cb8c56.jpg,https://s3.us-east-1.amazonaws.com/assets-v2.highwoods.com/content-refresh/pdf/Century-Plaza-II-5th-floor-22384-RSF.pdf,0.98,TRUE,2026-05-05T15:55:30.806Z
landlord_website,Highwoods Atlanta market page,https://www.highwoods.com/find-your-space/detail/monarch-plaza,,Highwoods Properties,John Grimsley,John.Grimsley@highwoods.com,404-443-1875,Monarch Plaza,"3414 Peachtree Road Northeast, Buckhead",Atlanta,GA,Office,22,Suite 101,4619,,"Available now Virtual tour visible: https://view.ricoh360.com/c2061e80-6fb2-4455-bbd0-8f16d4e40d83 Detail page description: Introducing Monarch Plaza, a premier office building located at 3414 Peachtree Rd NE in Buckhead, Atlanta. With 368,300 square feet of Class A office space featuring resort-quality amenities, Monarch Plaza is the perfect place for industry-leading companies looking for a prime address with quality space. Market source: https://www.highwoods.com/meet-highwoods/our-markets/atlanta. 19 Atlanta properties visible on source page. 103 available spaces visible at market level.",https://s3.us-east-1.amazonaws.com/assets-v2.highwoods.com/content-refresh/images/properties/_propertyHero/MP-Exterior-Picture.jpg,https://s3.us-east-1.amazonaws.com/assets-v2.highwoods.com/content-refresh/pdf/MP-Suite-101-4619-RSF_2025-11-12-195446_yaao.pdf,0.98,TRUE,2026-05-05T15:55:30.806Z
landlord_website,Highwoods Atlanta market page,https://www.highwoods.com/find-your-space/detail/monarch-plaza,,Highwoods Properties,John Grimsley,John.Grimsley@highwoods.com,404-443-1875,Monarch Plaza,"3414 Peachtree Road Northeast, Buckhead",Atlanta,GA,Office,22,Suite 325,3667,,"Available now Virtual tour visible: https://view.ricoh360.com/0c0327c6-48ff-40b1-a6cf-7275d00ae881 Detail page description: Introducing Monarch Plaza, a premier office building located at 3414 Peachtree Rd NE in Buckhead, Atlanta. With 368,300 square feet of Class A office space featuring resort-quality amenities, Monarch Plaza is the perfect place for industry-leading companies looking for a prime address with quality space. Market source: https://www.highwoods.com/meet-highwoods/our-markets/atlanta. 19 Atlanta properties visible on source page. 103 available spaces visible at market level.",https://s3.us-east-1.amazonaws.com/assets-v2.highwoods.com/content-refresh/images/properties/_propertyHero/MP-Exterior-Picture.jpg,https://s3.us-east-1.amazonaws.com/assets-v2.highwoods.com/content-refresh/pdf/MP-Suite-325-3667-RSF_2025-11-12-195547_pefp.pdf,0.98,TRUE,2026-05-05T15:55:30.806Z
landlord_website,Highwoods Atlanta market page,https://www.highwoods.com/find-your-space/detail/monarch-plaza,,Highwoods Properties,John Grimsley,John.Grimsley@highwoods.com,404-443-1875,Monarch Plaza,"3414 Peachtree Road Northeast, Buckhead",Atlanta,GA,Office,22,Suite 400,4098,,"Available now Virtual tour visible: https://view.ricoh360.com/1ebca064-8a31-4fa3-a39f-3d6990a06c77 Detail page description: Introducing Monarch Plaza, a premier office building located at 3414 Peachtree Rd NE in Buckhead, Atlanta. With 368,300 square feet of Class A office space featuring resort-quality amenities, Monarch Plaza is the perfect place for industry-leading companies looking for a prime address with quality space. Market source: https://www.highwoods.com/meet-highwoods/our-markets/atlanta. 19 Atlanta properties visible on source page. 103 available spaces visible at market level.",https://s3.us-east-1.amazonaws.com/assets-v2.highwoods.com/content-refresh/images/properties/_propertyHero/MP-Exterior-Picture.jpg,https://s3.us-east-1.amazonaws.com/assets-v2.highwoods.com/content-refresh/pdf/MP-Suite-400-4098-RSF.pdf,0.98,TRUE,2026-05-05T15:55:30.806Z
landlord_website,Highwoods Atlanta market page,https://www.highwoods.com/find-your-space/detail/monarch-plaza,,Highwoods Properties,John Grimsley,John.Grimsley@highwoods.com,404-443-1875,Monarch Plaza,"3414 Peachtree Road Northeast, Buckhead",Atlanta,GA,Office,22,Suite 410,2484,,"Available now Detail page description: Introducing Monarch Plaza, a premier office building located at 3414 Peachtree Rd NE in Buckhead, Atlanta. With 368,300 square feet of Class A office space featuring resort-quality amenities, Monarch Plaza is the perfect place for industry-leading companies looking for a prime address with quality space. Market source: https://www.highwoods.com/meet-highwoods/our-markets/atlanta. 19 Atlanta properties visible on source page. 103 available spaces visible at market level.",https://s3.us-east-1.amazonaws.com/assets-v2.highwoods.com/content-refresh/images/properties/_propertyHero/MP-Exterior-Picture.jpg,https://s3.us-east-1.amazonaws.com/assets-v2.highwoods.com/content-refresh/pdf/MP-Suite-410-2484-RSF.pdf,0.98,TRUE,2026-05-05T15:55:30.806Z
landlord_website,Highwoods Atlanta market page,https://www.highwoods.com/find-your-space/detail/monarch-plaza,,Highwoods Properties,John Grimsley,John.Grimsley@highwoods.com,404-443-1875,Monarch Plaza,"3414 Peachtree Road Northeast, Buckhead",Atlanta,GA,Spec Suite,22,Suite 425,3075,,"Available now Detail page description: Introducing Monarch Plaza, a premier office building located at 3414 Peachtree Rd NE in Buckhead, Atlanta. With 368,300 square feet of Class A office space featuring resort-quality amenities, Monarch Plaza is the perfect place for industry-leading companies looking for a prime address with quality space. Market source: https://www.highwoods.com/meet-highwoods/our-markets/atlanta. 19 Atlanta properties visible on source page. 103 available spaces visible at market level.",https://s3.us-east-1.amazonaws.com/assets-v2.highwoods.com/content-refresh/images/properties/_propertyHero/MP-Exterior-Picture.jpg,https://s3.us-east-1.amazonaws.com/assets-v2.highwoods.com/content-refresh/pdf/MP-Suite-425-3075-RSF.pdf,0.98,TRUE,2026-05-05T15:55:30.806Z
landlord_website,Highwoods Atlanta market page,https://www.highwoods.com/find-your-space/detail/monarch-plaza,,Highwoods Properties,John Grimsley,John.Grimsley@highwoods.com,404-443-1875,Monarch Plaza,"3414 Peachtree Road Northeast, Buckhead",Atlanta,GA,Office,22,Suite 465,2704,,"Available now Virtual tour visible: https://view.ricoh360.com/6e53e10f-f093-4968-a38c-c82af4e93a2d Detail page description: Introducing Monarch Plaza, a premier office building located at 3414 Peachtree Rd NE in Buckhead, Atlanta. With 368,300 square feet of Class A office space featuring resort-quality amenities, Monarch Plaza is the perfect place for industry-leading companies looking for a prime address with quality space. Market source: https://www.highwoods.com/meet-highwoods/our-markets/atlanta. 19 Atlanta properties visible on source page. 103 available spaces visible at market level.",https://s3.us-east-1.amazonaws.com/assets-v2.highwoods.com/content-refresh/images/properties/_propertyHero/MP-Exterior-Picture.jpg,https://s3.us-east-1.amazonaws.com/assets-v2.highwoods.com/content-refresh/pdf/MP-Suite-465-2704-RSF.pdf,0.98,TRUE,2026-05-05T15:55:30.806Z
landlord_website,Highwoods Atlanta market page,https://www.highwoods.com/find-your-space/detail/monarch-plaza,,Highwoods Properties,John Grimsley,John.Grimsley@highwoods.com,404-443-1875,Monarch Plaza,"3414 Peachtree Road Northeast, Buckhead",Atlanta,GA,Office,22,Suite 470,3599,,"Available now Virtual tour visible: https://view.ricoh360.com/044c8f3f-fef3-46e3-aece-02ab9401bd2f Detail page description: Introducing Monarch Plaza, a premier office building located at 3414 Peachtree Rd NE in Buckhead, Atlanta. With 368,300 square feet of Class A office space featuring resort-quality amenities, Monarch Plaza is the perfect place for industry-leading companies looking for a prime address with quality space. Market source: https://www.highwoods.com/meet-highwoods/our-markets/atlanta. 19 Atlanta properties visible on source page. 103 available spaces visible at market level.",https://s3.us-east-1.amazonaws.com/assets-v2.highwoods.com/content-refresh/images/properties/_propertyHero/MP-Exterior-Picture.jpg,https://s3.us-east-1.amazonaws.com/assets-v2.highwoods.com/content-refresh/pdf/MP-Suite-470-3599-RSF.pdf,0.98,TRUE,2026-05-05T15:55:30.806Z
landlord_website,Highwoods Atlanta market page,https://www.highwoods.com/find-your-space/detail/monarch-plaza,,Highwoods Properties,John Grimsley,John.Grimsley@highwoods.com,404-443-1875,Monarch Plaza,"3414 Peachtree Road Northeast, Buckhead",Atlanta,GA,Office,22,Suite 475,2980,,"Available now Detail page description: Introducing Monarch Plaza, a premier office building located at 3414 Peachtree Rd NE in Buckhead, Atlanta. With 368,300 square feet of Class A office space featuring resort-quality amenities, Monarch Plaza is the perfect place for industry-leading companies looking for a prime address with quality space. Market source: https://www.highwoods.com/meet-highwoods/our-markets/atlanta. 19 Atlanta properties visible on source page. 103 available spaces visible at market level.",https://s3.us-east-1.amazonaws.com/assets-v2.highwoods.com/content-refresh/images/properties/_propertyHero/MP-Exterior-Picture.jpg,https://s3.us-east-1.amazonaws.com/assets-v2.highwoods.com/content-refresh/pdf/MP-Suite-475-2980-RSF.pdf,0.98,TRUE,2026-05-05T15:55:30.806Z
landlord_website,Highwoods Atlanta market page,https://www.highwoods.com/find-your-space/detail/monarch-plaza,,Highwoods Properties,John Grimsley,John.Grimsley@highwoods.com,404-443-1875,Monarch Plaza,"3414 Peachtree Road Northeast, Buckhead",Atlanta,GA,Office,22,Suite 500,25470,,"Detail page description: Introducing Monarch Plaza, a premier office building located at 3414 Peachtree Rd NE in Buckhead, Atlanta. With 368,300 square feet of Class A office space featuring resort-quality amenities, Monarch Plaza is the perfect place for industry-leading companies looking for a prime address with quality space. Market source: https://www.highwoods.com/meet-highwoods/our-markets/atlanta. 19 Atlanta properties visible on source page. 103 available spaces visible at market level.",https://s3.us-east-1.amazonaws.com/assets-v2.highwoods.com/content-refresh/images/properties/_propertyHero/MP-Exterior-Picture.jpg,https://s3.us-east-1.amazonaws.com/assets-v2.highwoods.com/content-refresh/pdf/MP-5th-floor-26386-RSF.pdf,0.98,TRUE,2026-05-05T15:55:30.806Z
landlord_website,Highwoods Atlanta market page,https://www.highwoods.com/find-your-space/detail/monarch-plaza,,Highwoods Properties,John Grimsley,John.Grimsley@highwoods.com,404-443-1875,Monarch Plaza,"3414 Peachtree Road Northeast, Buckhead",Atlanta,GA,Office,22,Suite 600,18645,,"Available now Virtual tour visible: https://view.ricoh360.com/c0cf53f0-22bc-492b-a4b3-3f6a37af9609 Detail page description: Introducing Monarch Plaza, a premier office building located at 3414 Peachtree Rd NE in Buckhead, Atlanta. With 368,300 square feet of Class A office space featuring resort-quality amenities, Monarch Plaza is the perfect place for industry-leading companies looking for a prime address with quality space. Market source: https://www.highwoods.com/meet-highwoods/our-markets/atlanta. 19 Atlanta properties visible on source page. 103 available spaces visible at market level.",https://s3.us-east-1.amazonaws.com/assets-v2.highwoods.com/content-refresh/images/properties/_propertyHero/MP-Exterior-Picture.jpg,https://s3.us-east-1.amazonaws.com/assets-v2.highwoods.com/content-refresh/pdf/MP-Suite-600-21925-RSF.pdf,0.98,TRUE,2026-05-05T15:55:30.806Z
landlord_website,Highwoods Atlanta market page,https://www.highwoods.com/find-your-space/detail/monarch-plaza,,Highwoods Properties,John Grimsley,John.Grimsley@highwoods.com,404-443-1875,Monarch Plaza,"3414 Peachtree Road Northeast, Buckhead",Atlanta,GA,Office,22,Suite 650,3280,,"Available now Virtual tour visible: https://view.ricohtours.com/b4021fa6-07ca-4042-813a-9bf162c93d94 Detail page description: Introducing Monarch Plaza, a premier office building located at 3414 Peachtree Rd NE in Buckhead, Atlanta. With 368,300 square feet of Class A office space featuring resort-quality amenities, Monarch Plaza is the perfect place for industry-leading companies looking for a prime address with quality space. Market source: https://www.highwoods.com/meet-highwoods/our-markets/atlanta. 19 Atlanta properties visible on source page. 103 available spaces visible at market level.",https://s3.us-east-1.amazonaws.com/assets-v2.highwoods.com/content-refresh/images/properties/_propertyHero/MP-Exterior-Picture.jpg,https://s3.us-east-1.amazonaws.com/assets-v2.highwoods.com/content-refresh/pdf/MP-Suite-650-3280-RSF_2025-11-12-200055_raex.pdf,0.98,TRUE,2026-05-05T15:55:30.806Z
landlord_website,Highwoods Atlanta market page,https://www.highwoods.com/find-your-space/detail/monarch-plaza,,Highwoods Properties,John Grimsley,John.Grimsley@highwoods.com,404-443-1875,Monarch Plaza,"3414 Peachtree Road Northeast, Buckhead",Atlanta,GA,Office,22,Suite 700,6021,,"Available now Detail page description: Introducing Monarch Plaza, a premier office building located at 3414 Peachtree Rd NE in Buckhead, Atlanta. With 368,300 square feet of Class A office space featuring resort-quality amenities, Monarch Plaza is the perfect place for industry-leading companies looking for a prime address with quality space. Market source: https://www.highwoods.com/meet-highwoods/our-markets/atlanta. 19 Atlanta properties visible on source page. 103 available spaces visible at market level.",https://s3.us-east-1.amazonaws.com/assets-v2.highwoods.com/content-refresh/images/properties/_propertyHero/MP-Exterior-Picture.jpg,https://s3.us-east-1.amazonaws.com/assets-v2.highwoods.com/content-refresh/pdf/MP-Suite-700-6021-RSF_2025-11-12-200333_qjte.pdf,0.98,TRUE,2026-05-05T15:55:30.806Z
landlord_website,Highwoods Atlanta market page,https://www.highwoods.com/find-your-space/detail/monarch-plaza,,Highwoods Properties,John Grimsley,John.Grimsley@highwoods.com,404-443-1875,Monarch Plaza,"3414 Peachtree Road Northeast, Buckhead",Atlanta,GA,Office,22,Suite 720,5819,,"Available now Virtual tour visible: https://view.ricoh360.com/064cbb20-3eba-4434-bc04-52880a040218 Detail page description: Introducing Monarch Plaza, a premier office building located at 3414 Peachtree Rd NE in Buckhead, Atlanta. With 368,300 square feet of Class A office space featuring resort-quality amenities, Monarch Plaza is the perfect place for industry-leading companies looking for a prime address with quality space. Market source: https://www.highwoods.com/meet-highwoods/our-markets/atlanta. 19 Atlanta properties visible on source page. 103 available spaces visible at market level.",https://s3.us-east-1.amazonaws.com/assets-v2.highwoods.com/content-refresh/images/properties/_propertyHero/MP-Exterior-Picture.jpg,https://s3.us-east-1.amazonaws.com/assets-v2.highwoods.com/content-refresh/pdf/MP-Suite-720-5819-RSF_2025-11-12-200403_lrai.pdf,0.98,TRUE,2026-05-05T15:55:30.806Z
landlord_website,Highwoods Atlanta market page,https://www.highwoods.com/find-your-space/detail/monarch-plaza,,Highwoods Properties,John Grimsley,John.Grimsley@highwoods.com,404-443-1875,Monarch Plaza,"3414 Peachtree Road Northeast, Buckhead",Atlanta,GA,Office,22,Suite 750,4742,,"Available now Virtual tour visible: https://view.ricoh360.com/00ea96ec-0cf5-46d4-b84d-ee3b9071a71e Detail page description: Introducing Monarch Plaza, a premier office building located at 3414 Peachtree Rd NE in Buckhead, Atlanta. With 368,300 square feet of Class A office space featuring resort-quality amenities, Monarch Plaza is the perfect place for industry-leading companies looking for a prime address with quality space. Market source: https://www.highwoods.com/meet-highwoods/our-markets/atlanta. 19 Atlanta properties visible on source page. 103 available spaces visible at market level.",https://s3.us-east-1.amazonaws.com/assets-v2.highwoods.com/content-refresh/images/properties/_propertyHero/MP-Exterior-Picture.jpg,https://s3.us-east-1.amazonaws.com/assets-v2.highwoods.com/content-refresh/pdf/MP-Suite-750-4742-RSF_2025-11-12-200425_kzyg.pdf,0.98,TRUE,2026-05-05T15:55:30.806Z
landlord_website,Highwoods Atlanta market page,https://www.highwoods.com/find-your-space/detail/monarch-plaza,,Highwoods Properties,John Grimsley,John.Grimsley@highwoods.com,404-443-1875,Monarch Plaza,"3414 Peachtree Road Northeast, Buckhead",Atlanta,GA,Office,22,Suite 800,9000,,"Available now Virtual tour visible: https://view.ricoh360.com/41043b4b-1b52-469f-97b1-dc8a4aea0c8f Detail page description: Introducing Monarch Plaza, a premier office building located at 3414 Peachtree Rd NE in Buckhead, Atlanta. With 368,300 square feet of Class A office space featuring resort-quality amenities, Monarch Plaza is the perfect place for industry-leading companies looking for a prime address with quality space. Market source: https://www.highwoods.com/meet-highwoods/our-markets/atlanta. 19 Atlanta properties visible on source page. 103 available spaces visible at market level.",https://s3.us-east-1.amazonaws.com/assets-v2.highwoods.com/content-refresh/images/properties/_propertyHero/MP-Exterior-Picture.jpg,https://s3.us-east-1.amazonaws.com/assets-v2.highwoods.com/content-refresh/pdf/MP-Suite-800-9000-RSF_2025-11-12-201001_bbpr.pdf,0.98,TRUE,2026-05-05T15:55:30.806Z
landlord_website,Highwoods Atlanta market page,https://www.highwoods.com/find-your-space/detail/monarch-plaza,,Highwoods Properties,John Grimsley,John.Grimsley@highwoods.com,404-443-1875,Monarch Plaza,"3414 Peachtree Road Northeast, Buckhead",Atlanta,GA,Office,22,Suite 850,5916,,"Available now Detail page description: Introducing Monarch Plaza, a premier office building located at 3414 Peachtree Rd NE in Buckhead, Atlanta. With 368,300 square feet of Class A office space featuring resort-quality amenities, Monarch Plaza is the perfect place for industry-leading companies looking for a prime address with quality space. Market source: https://www.highwoods.com/meet-highwoods/our-markets/atlanta. 19 Atlanta properties visible on source page. 103 available spaces visible at market level.",https://s3.us-east-1.amazonaws.com/assets-v2.highwoods.com/content-refresh/images/properties/_propertyHero/MP-Exterior-Picture.jpg,https://s3.us-east-1.amazonaws.com/assets-v2.highwoods.com/content-refresh/pdf/MP-Suite-850-5916-RSF.pdf,0.98,TRUE,2026-05-05T15:55:30.806Z
landlord_website,Highwoods Atlanta market page,https://www.highwoods.com/find-your-space/detail/monarch-plaza,,Highwoods Properties,John Grimsley,John.Grimsley@highwoods.com,404-443-1875,Monarch Plaza,"3414 Peachtree Road Northeast, Buckhead",Atlanta,GA,Office,22,Suite 960,6143,,"Available now Virtual tour visible: https://view.ricoh360.com/ff278607-6bd7-4b49-8715-c0abec8735eb Detail page description: Introducing Monarch Plaza, a premier office building located at 3414 Peachtree Rd NE in Buckhead, Atlanta. With 368,300 square feet of Class A office space featuring resort-quality amenities, Monarch Plaza is the perfect place for industry-leading companies looking for a prime address with quality space. Market source: https://www.highwoods.com/meet-highwoods/our-markets/atlanta. 19 Atlanta properties visible on source page. 103 available spaces visible at market level.",https://s3.us-east-1.amazonaws.com/assets-v2.highwoods.com/content-refresh/images/properties/_propertyHero/MP-Exterior-Picture.jpg,https://s3.us-east-1.amazonaws.com/assets-v2.highwoods.com/content-refresh/pdf/MP-Suite-960-985-9634-RSF.pdf,0.98,TRUE,2026-05-05T15:55:30.806Z
landlord_website,Highwoods Atlanta market page,https://www.highwoods.com/find-your-space/detail/monarch-plaza,,Highwoods Properties,John Grimsley,John.Grimsley@highwoods.com,404-443-1875,Monarch Plaza,"3414 Peachtree Road Northeast, Buckhead",Atlanta,GA,Office,22,Suite 985,3491,,"Available now Virtual tour visible: https://view.ricoh360.com/5a93f0c7-ce76-46c2-9666-f6cc3272b292 Detail page description: Introducing Monarch Plaza, a premier office building located at 3414 Peachtree Rd NE in Buckhead, Atlanta. With 368,300 square feet of Class A office space featuring resort-quality amenities, Monarch Plaza is the perfect place for industry-leading companies looking for a prime address with quality space. Market source: https://www.highwoods.com/meet-highwoods/our-markets/atlanta. 19 Atlanta properties visible on source page. 103 available spaces visible at market level.",https://s3.us-east-1.amazonaws.com/assets-v2.highwoods.com/content-refresh/images/properties/_propertyHero/MP-Exterior-Picture.jpg,https://s3.us-east-1.amazonaws.com/assets-v2.highwoods.com/content-refresh/pdf/MP-Suite-985-3491-RSF_2025-11-18-215037_zwur.pdf,0.98,TRUE,2026-05-05T15:55:30.806Z
landlord_website,Highwoods Atlanta market page,https://www.highwoods.com/find-your-space/detail/monarch-plaza,,Highwoods Properties,John Grimsley,John.Grimsley@highwoods.com,404-443-1875,Monarch Plaza,"3414 Peachtree Road Northeast, Buckhead",Atlanta,GA,Office,22,Suite 1120,969,,"Available now Virtual tour visible: https://view.ricoh360.com/5d5aaf22-0b8c-425f-8bd8-86103a047c5b Detail page description: Introducing Monarch Plaza, a premier office building located at 3414 Peachtree Rd NE in Buckhead, Atlanta. With 368,300 square feet of Class A office space featuring resort-quality amenities, Monarch Plaza is the perfect place for industry-leading companies looking for a prime address with quality space. Market source: https://www.highwoods.com/meet-highwoods/our-markets/atlanta. 19 Atlanta properties visible on source page. 103 available spaces visible at market level.",https://s3.us-east-1.amazonaws.com/assets-v2.highwoods.com/content-refresh/images/properties/_propertyHero/MP-Exterior-Picture.jpg,https://s3.us-east-1.amazonaws.com/assets-v2.highwoods.com/content-refresh/pdf/MP-Suite-1120-969-RSF_2025-11-12-201115_ewuo.pdf,0.98,TRUE,2026-05-05T15:55:30.806Z
landlord_website,Highwoods Atlanta market page,https://www.highwoods.com/find-your-space/detail/monarch-plaza,,Highwoods Properties,John Grimsley,John.Grimsley@highwoods.com,404-443-1875,Monarch Plaza,"3414 Peachtree Road Northeast, Buckhead",Atlanta,GA,Office,22,Suite 1130,3055,,"Available now Virtual tour visible: https://view.ricoh360.com/826ca8df-44fc-47a8-bd7c-6c6d19e0bda1 Detail page description: Introducing Monarch Plaza, a premier office building located at 3414 Peachtree Rd NE in Buckhead, Atlanta. With 368,300 square feet of Class A office space featuring resort-quality amenities, Monarch Plaza is the perfect place for industry-leading companies looking for a prime address with quality space. Market source: https://www.highwoods.com/meet-highwoods/our-markets/atlanta. 19 Atlanta properties visible on source page. 103 available spaces visible at market level.",https://s3.us-east-1.amazonaws.com/assets-v2.highwoods.com/content-refresh/images/properties/_propertyHero/MP-Exterior-Picture.jpg,https://s3.us-east-1.amazonaws.com/assets-v2.highwoods.com/content-refresh/pdf/MP-Suite-1130-3055-RSF-test-fit_2025-11-12-201152_brvf.pdf,0.98,TRUE,2026-05-05T15:55:30.806Z
landlord_website,Highwoods Atlanta market page,https://www.highwoods.com/find-your-space/detail/monarch-plaza,,Highwoods Properties,John Grimsley,John.Grimsley@highwoods.com,404-443-1875,Monarch Plaza,"3414 Peachtree Road Northeast, Buckhead",Atlanta,GA,Office,22,Suite 1160,6723,,"Available now Virtual tour visible: https://view.ricoh360.com/5627c573-7b44-4fea-bf3f-d6cfa372de0a Detail page description: Introducing Monarch Plaza, a premier office building located at 3414 Peachtree Rd NE in Buckhead, Atlanta. With 368,300 square feet of Class A office space featuring resort-quality amenities, Monarch Plaza is the perfect place for industry-leading companies looking for a prime address with quality space. Market source: https://www.highwoods.com/meet-highwoods/our-markets/atlanta. 19 Atlanta properties visible on source page. 103 available spaces visible at market level.",https://s3.us-east-1.amazonaws.com/assets-v2.highwoods.com/content-refresh/images/properties/_propertyHero/MP-Exterior-Picture.jpg,https://s3.us-east-1.amazonaws.com/assets-v2.highwoods.com/content-refresh/pdf/MP-Suite-1160-6723-RSF_2025-11-12-201214_xcqt.pdf,0.98,TRUE,2026-05-05T15:55:30.806Z
landlord_website,Highwoods Atlanta market page,https://www.highwoods.com/find-your-space/detail/monarch-plaza,,Highwoods Properties,John Grimsley,John.Grimsley@highwoods.com,404-443-1875,Monarch Plaza,"3414 Peachtree Road Northeast, Buckhead",Atlanta,GA,Office,22,Suite 1200,14297,,"Available now Detail page description: Introducing Monarch Plaza, a premier office building located at 3414 Peachtree Rd NE in Buckhead, Atlanta. With 368,300 square feet of Class A office space featuring resort-quality amenities, Monarch Plaza is the perfect place for industry-leading companies looking for a prime address with quality space. Market source: https://www.highwoods.com/meet-highwoods/our-markets/atlanta. 19 Atlanta properties visible on source page. 103 available spaces visible at market level.",https://s3.us-east-1.amazonaws.com/assets-v2.highwoods.com/content-refresh/images/properties/_propertyHero/MP-Exterior-Picture.jpg,https://s3.us-east-1.amazonaws.com/assets-v2.highwoods.com/content-refresh/pdf/MP-Suite-1200-14297-RSF.pdf,0.98,TRUE,2026-05-05T15:55:30.806Z
landlord_website,Highwoods Atlanta market page,https://www.highwoods.com/find-your-space/detail/riverwood-100,,Highwoods Properties,John Grimsley,John.Grimsley@highwoods.com,404-443-1875,Riverwood 100,Riverwood Parkway,Atlanta,GA,Office,14,Suite LLH2,3413,,Market source: https://www.highwoods.com/meet-highwoods/our-markets/atlanta. 19 Atlanta properties visible on source page. 103 available spaces visible at market level.,https://s3.us-east-1.amazonaws.com/assets-v2.highwoods.com/content-refresh/images/properties/_propertyHero/Exterior2.jpg,,0.98,TRUE,2026-05-05T15:55:30.806Z
landlord_website,Highwoods Atlanta market page,https://www.highwoods.com/find-your-space/detail/riverwood-100,,Highwoods Properties,John Grimsley,John.Grimsley@highwoods.com,404-443-1875,Riverwood 100,Riverwood Parkway,Atlanta,GA,Office,14,Suite 100,20437,,Market source: https://www.highwoods.com/meet-highwoods/our-markets/atlanta. 19 Atlanta properties visible on source page. 103 available spaces visible at market level.,https://s3.us-east-1.amazonaws.com/assets-v2.highwoods.com/content-refresh/images/properties/_propertyHero/Exterior2.jpg,,0.98,TRUE,2026-05-05T15:55:30.806Z
landlord_website,Highwoods Atlanta market page,https://www.highwoods.com/find-your-space/detail/riverwood-100,,Highwoods Properties,John Grimsley,John.Grimsley@highwoods.com,404-443-1875,Riverwood 100,Riverwood Parkway,Atlanta,GA,Office,14,Suite 400,11584,,Available now Market source: https://www.highwoods.com/meet-highwoods/our-markets/atlanta. 19 Atlanta properties visible on source page. 103 available spaces visible at market level.,https://s3.us-east-1.amazonaws.com/assets-v2.highwoods.com/content-refresh/images/properties/_propertyHero/Exterior2.jpg,https://s3.us-east-1.amazonaws.com/assets-v2.highwoods.com/content-refresh/pdf/RW100-Suite-400-11584-RSF.pdf,0.98,TRUE,2026-05-05T15:55:30.806Z
landlord_website,Highwoods Atlanta market page,https://www.highwoods.com/find-your-space/detail/riverwood-100,,Highwoods Properties,John Grimsley,John.Grimsley@highwoods.com,404-443-1875,Riverwood 100,Riverwood Parkway,Atlanta,GA,Office,14,Suite 550,4706,,Available now Virtual tour visible: https://view.ricoh360.com/6860a9ca-46cd-45ab-bcaf-347403dd20ea Market source: https://www.highwoods.com/meet-highwoods/our-markets/atlanta. 19 Atlanta properties visible on source page. 103 available spaces visible at market level.,https://s3.us-east-1.amazonaws.com/assets-v2.highwoods.com/content-refresh/images/properties/_propertyHero/Exterior2.jpg,https://s3.us-east-1.amazonaws.com/assets-v2.highwoods.com/content-refresh/pdf/RW100-Suite-550-4706-RSF_2025-11-12-201646_uryh.pdf,0.98,TRUE,2026-05-05T15:55:30.806Z
landlord_website,Highwoods Atlanta market page,https://www.highwoods.com/find-your-space/detail/riverwood-100,,Highwoods Properties,John Grimsley,John.Grimsley@highwoods.com,404-443-1875,Riverwood 100,Riverwood Parkway,Atlanta,GA,Office,14,Suite 730,2099,,Available now Virtual tour visible: https://view.ricoh360.com/9877285f-f12e-4448-944b-8a0ebd4792b7 Market source: https://www.highwoods.com/meet-highwoods/our-markets/atlanta. 19 Atlanta properties visible on source page. 103 available spaces visible at market level.,https://s3.us-east-1.amazonaws.com/assets-v2.highwoods.com/content-refresh/images/properties/_propertyHero/Exterior2.jpg,https://s3.us-east-1.amazonaws.com/assets-v2.highwoods.com/content-refresh/pdf/RW100-Suite-730-2099-RSF_2025-11-12-201720_yvjp.pdf,0.98,TRUE,2026-05-05T15:55:30.806Z
landlord_website,Highwoods Atlanta market page,https://www.highwoods.com/find-your-space/detail/riverwood-100,,Highwoods Properties,John Grimsley,John.Grimsley@highwoods.com,404-443-1875,Riverwood 100,Riverwood Parkway,Atlanta,GA,Office,14,Suite 780,1744,,Available now Market source: https://www.highwoods.com/meet-highwoods/our-markets/atlanta. 19 Atlanta properties visible on source page. 103 available spaces visible at market level.,https://s3.us-east-1.amazonaws.com/assets-v2.highwoods.com/content-refresh/images/properties/_propertyHero/Exterior2.jpg,https://s3.us-east-1.amazonaws.com/assets-v2.highwoods.com/content-refresh/pdf/RW100-Suite-780-1788-RSF.pdf,0.98,TRUE,2026-05-05T15:55:30.806Z
landlord_website,Highwoods Atlanta market page,https://www.highwoods.com/find-your-space/detail/riverwood-100,,Highwoods Properties,John Grimsley,John.Grimsley@highwoods.com,404-443-1875,Riverwood 100,Riverwood Parkway,Atlanta,GA,Office,14,Suite 1000,24028,,Market source: https://www.highwoods.com/meet-highwoods/our-markets/atlanta. 19 Atlanta properties visible on source page. 103 available spaces visible at market level.,https://s3.us-east-1.amazonaws.com/assets-v2.highwoods.com/content-refresh/images/properties/_propertyHero/Exterior2.jpg,,0.98,TRUE,2026-05-05T15:55:30.806Z
landlord_website,Highwoods Atlanta market page,https://www.highwoods.com/find-your-space/detail/riverwood-100,,Highwoods Properties,John Grimsley,John.Grimsley@highwoods.com,404-443-1875,Riverwood 100,Riverwood Parkway,Atlanta,GA,Office,14,Suite 1100,11429,,Available now Virtual tour visible: https://view.ricoh360.com/326c9429-528b-4976-b289-1b04753c3220 Market source: https://www.highwoods.com/meet-highwoods/our-markets/atlanta. 19 Atlanta properties visible on source page. 103 available spaces visible at market level.,https://s3.us-east-1.amazonaws.com/assets-v2.highwoods.com/content-refresh/images/properties/_propertyHero/Exterior2.jpg,https://s3.us-east-1.amazonaws.com/assets-v2.highwoods.com/content-refresh/pdf/RW100-Suite-1100-11429-RSF_2025-11-12-201831_tsok.pdf,0.98,TRUE,2026-05-05T15:55:30.806Z
landlord_website,Highwoods Atlanta market page,https://www.highwoods.com/find-your-space/detail/riverwood-100,,Highwoods Properties,John Grimsley,John.Grimsley@highwoods.com,404-443-1875,Riverwood 100,Riverwood Parkway,Atlanta,GA,Office,14,Suite 1520,5012,,Available now Market source: https://www.highwoods.com/meet-highwoods/our-markets/atlanta. 19 Atlanta properties visible on source page. 103 available spaces visible at market level.,https://s3.us-east-1.amazonaws.com/assets-v2.highwoods.com/content-refresh/images/properties/_propertyHero/Exterior2.jpg,https://s3.us-east-1.amazonaws.com/assets-v2.highwoods.com/content-refresh/pdf/RW100-Suite-1520-1525-5012-RSF_2025-11-12-202001_gyam.pdf,0.98,TRUE,2026-05-05T15:55:30.806Z
landlord_website,Highwoods Atlanta market page,https://www.highwoods.com/find-your-space/detail/riverwood-100,,Highwoods Properties,John Grimsley,John.Grimsley@highwoods.com,404-443-1875,Riverwood 100,Riverwood Parkway,Atlanta,GA,Office,14,Suite 1575,3939,,Available now Virtual tour visible: https://view.ricoh360.com/73777049-427f-4ca3-ab69-b91b1515f8c3 Market source: https://www.highwoods.com/meet-highwoods/our-markets/atlanta. 19 Atlanta properties visible on source page. 103 available spaces visible at market level.,https://s3.us-east-1.amazonaws.com/assets-v2.highwoods.com/content-refresh/images/properties/_propertyHero/Exterior2.jpg,https://s3.us-east-1.amazonaws.com/assets-v2.highwoods.com/content-refresh/pdf/RW100-Suite-1575-3939-RSF_2025-11-12-202059_cxqm.pdf,0.98,TRUE,2026-05-05T15:55:30.806Z
landlord_website,Highwoods Atlanta market page,https://www.highwoods.com/find-your-space/detail/riverwood-100,,Highwoods Properties,John Grimsley,John.Grimsley@highwoods.com,404-443-1875,Riverwood 100,Riverwood Parkway,Atlanta,GA,Office,14,Suite 1650,7536,,Available now Virtual tour visible: https://view.ricohtours.com/fc2af24b-6609-433d-82f7-619b1b863ca9?type=compact Market source: https://www.highwoods.com/meet-highwoods/our-markets/atlanta. 19 Atlanta properties visible on source page. 103 available spaces visible at market level.,https://s3.us-east-1.amazonaws.com/assets-v2.highwoods.com/content-refresh/images/properties/_propertyHero/Exterior2.jpg,https://s3.us-east-1.amazonaws.com/assets-v2.highwoods.com/content-refresh/pdf/RW100-Suite-1650-7536-RSF_2025-11-12-202130_zqjj.pdf,0.98,TRUE,2026-05-05T15:55:30.806Z
landlord_website,Highwoods Atlanta market page,https://www.highwoods.com/find-your-space/detail/riverwood-100,,Highwoods Properties,John Grimsley,John.Grimsley@highwoods.com,404-443-1875,Riverwood 100,Riverwood Parkway,Atlanta,GA,Office,14,Suite 1875,3451,,Available now Virtual tour visible: https://view.ricoh360.com/6d469087-05df-415a-81d7-594fd11a6c26 Market source: https://www.highwoods.com/meet-highwoods/our-markets/atlanta. 19 Atlanta properties visible on source page. 103 available spaces visible at market level.,https://s3.us-east-1.amazonaws.com/assets-v2.highwoods.com/content-refresh/images/properties/_propertyHero/Exterior2.jpg,https://s3.us-east-1.amazonaws.com/assets-v2.highwoods.com/content-refresh/pdf/RW100-Suite-1875-3451-RSF_2025-11-12-202242_oqhw.pdf,0.98,TRUE,2026-05-05T15:55:30.806Z
landlord_website,Highwoods Atlanta market page,https://www.highwoods.com/find-your-space/detail/riverwood-100,,Highwoods Properties,John Grimsley,John.Grimsley@highwoods.com,404-443-1875,Riverwood 100,Riverwood Parkway,Atlanta,GA,Office,14,Suite 2000,18439,,Available now Market source: https://www.highwoods.com/meet-highwoods/our-markets/atlanta. 19 Atlanta properties visible on source page. 103 available spaces visible at market level.,https://s3.us-east-1.amazonaws.com/assets-v2.highwoods.com/content-refresh/images/properties/_propertyHero/Exterior2.jpg,https://s3.us-east-1.amazonaws.com/assets-v2.highwoods.com/content-refresh/pdf/RW100-Suite-2000-18439-RSF_2025-11-12-202314_wjen.pdf,0.98,TRUE,2026-05-05T15:55:30.806Z
landlord_website,Highwoods Atlanta market page,https://www.highwoods.com/find-your-space/detail/riverwood-100,,Highwoods Properties,John Grimsley,John.Grimsley@highwoods.com,404-443-1875,Riverwood 100,Riverwood Parkway,Atlanta,GA,Office,14,Suite 2160,1712,,Available now Virtual tour visible: https://view.ricoh360.com/d115dc25-b1b5-481e-8c40-75fa1d13dc7b Market source: https://www.highwoods.com/meet-highwoods/our-markets/atlanta. 19 Atlanta properties visible on source page. 103 available spaces visible at market level.,https://s3.us-east-1.amazonaws.com/assets-v2.highwoods.com/content-refresh/images/properties/_propertyHero/Exterior2.jpg,https://s3.us-east-1.amazonaws.com/assets-v2.highwoods.com/content-refresh/pdf/RW100-Suite-2160-1712-RSF_2025-11-12-202345_ecwa.pdf,0.98,TRUE,2026-05-05T15:55:30.806Z