building_name,address,city,state,primary_space_type,company,source_url,image_url,has_availability,availability_count,min_size_sf,max_size_sf,size_summary,description_snippet,virtual_tour_url,contact_name,contact_email,contact_phone,confidence,reviewed
10 Glenlake North,10 Glenlake Parkway,Atlanta,GA,Office,Highwoods Properties,https://www.highwoods.com/find-your-space/detail/10-glenlake-north,https://s3.us-east-1.amazonaws.com/assets-v2.highwoods.com/content-refresh/images/properties/_propertyHero/1434402469.7da66babfa9faa9f299cd4ca3d856396.jpg,true,5,2639,27414,"2,639 to 27,414 SF observed range","Discover 10 Glenlake North, a renovated Class A office tower in Atlanta’s Central Perimeter with modern amenities, lake views and easy access to GA 400 and I-285.",https://view.ricoh360.com/b40001de-c243-440d-ae3a-4d4fb699e29c,John Grimsley,John.Grimsley@highwoods.com,404-443-1875,0.98,true
10 Glenlake South,10 Glenlake Parkway,Atlanta,GA,Office,Highwoods Properties,https://www.highwoods.com/find-your-space/detail/10-glenlake-south,https://s3.us-east-1.amazonaws.com/assets-v2.highwoods.com/content-refresh/images/properties/_propertyHero/1433863906.c9611cb9a19a9ea55e0ec7c3bf4401cd.jpg,true,5,2600,25987,"2,600 to 25,987 SF observed range","Experience 10 Glenlake South, a renovated Class A office tower in Atlanta’s Central Perimeter with modern amenities, lake views and easy access to GA 400 and I-285.",https://view.ricoh360.com/98ff2717-141f-48ff-b488-111adc6fadb3,John Grimsley,John.Grimsley@highwoods.com,404-443-1875,0.98,true
1825 Century Boulevard,1825 Century Boulevard,Atlanta,GA,Office,Highwoods Properties,https://www.highwoods.com/find-your-space/detail/1825-century-boulevard,https://s3.us-east-1.amazonaws.com/assets-v2.highwoods.com/content-refresh/images/properties/_propertyHero/1434468792.701d4af5bb42246b48e3afb0ca357029.jpg,true,1,,,,,,John Grimsley,John.Grimsley@highwoods.com,404-443-1875,0.90,true
1875 Century Boulevard,1875 Century Boulevard,Atlanta,GA,Office,Highwoods Properties,https://www.highwoods.com/find-your-space/detail/1875-century-boulevard,https://s3.us-east-1.amazonaws.com/assets-v2.highwoods.com/content-refresh/images/properties/_propertyHero/1495645501.1875-exterior.jpg,true,2,3968,8051,"3,968 to 8,051 SF observed range",,,John Grimsley,John.Grimsley@highwoods.com,404-443-1875,0.98,true
2200 Century Parkway,2200 Century Parkway,Atlanta,GA,Office,Highwoods Properties,https://www.highwoods.com/find-your-space/detail/2200-century-parkway,https://s3.us-east-1.amazonaws.com/assets-v2.highwoods.com/content-refresh/images/properties/_propertyHero/1434572817.92298b3d737bfc11f5d04320025bb305.jpg,true,8,1198,13597,"1,198 to 13,597 SF observed range",,https://view.ricoh360.com/fd4e8013-6df5-4898-b53c-a910204157aa,John Grimsley,John.Grimsley@highwoods.com,404-443-1875,0.98,true
2400 Century Parkway,2400 Century Parkway,Atlanta,GA,Office,Highwoods Properties,https://www.highwoods.com/find-your-space/detail/2400-century-parkway,https://s3.us-east-1.amazonaws.com/assets-v2.highwoods.com/content-refresh/images/properties/_propertyHero/1434573785.1b81a8c8a6bc93d65904876d450f7884.jpg,true,1,23809,23809,"23,809 SF observed size signal",,,John Grimsley,John.Grimsley@highwoods.com,404-443-1875,0.98,true
2600 Century Parkway,2600 Century Parkway,Atlanta,GA,Office,Highwoods Properties,https://www.highwoods.com/find-your-space/detail/2600-century-parkway,https://s3.us-east-1.amazonaws.com/assets-v2.highwoods.com/content-refresh/images/properties/_propertyHero/1434574064.c2fc5210951579ee7a9c130da0ea3b0b.jpg,true,1,,,,,,John Grimsley,John.Grimsley@highwoods.com,404-443-1875,0.90,true
2635 Century Parkway,2635 Century Parkway,Atlanta,GA,Office,Highwoods Properties,https://www.highwoods.com/find-your-space/detail/2635-century-parkway,https://s3.us-east-1.amazonaws.com/assets-v2.highwoods.com/content-refresh/images/properties/_propertyHero/1434633784.dfbf0a527e870933dbba48618e4bdd49.jpg,true,2,1950,3645,"1,950 to 3,645 SF observed range",,,John Grimsley,John.Grimsley@highwoods.com,404-443-1875,0.98,true
2800 Century Parkway,2800 Century Parkway,Atlanta,GA,Office,Highwoods Properties,https://www.highwoods.com/find-your-space/detail/2800-century-parkway,https://s3.us-east-1.amazonaws.com/assets-v2.highwoods.com/content-refresh/images/properties/_propertyHero/1443209590.2800-century-center_ext-2012_07_120-dpi.jpg,true,3,2400,5278,"2,400 to 5,278 SF observed range",,https://view.ricoh360.com/be452a1a-e002-4681-98fc-db66a6251e4e,John Grimsley,John.Grimsley@highwoods.com,404-443-1875,0.98,true
2827 Peachtree,"2827 Peachtree Road Northeast, Buckhead",Atlanta,GA,Office,Highwoods Properties,https://www.highwoods.com/find-your-space/detail/2827-peachtree,https://s3.us-east-1.amazonaws.com/assets-v2.highwoods.com/content-refresh/images/properties/_propertyHero/JandDimages-1012823-2006.jpg,true,1,8551,8551,"8,551 SF observed size signal",Discover prestigious office space at 2827 Peachtree in Atlanta&#039;s Buckhead district.,https://view.ricoh360.com/ca6a2192-b514-4049-ad6f-f6e603c10329,John Grimsley,John.Grimsley@highwoods.com,404-443-1875,0.98,true
Century Plaza I,2987 Clairmont Road,Atlanta,GA,Office,Highwoods Properties,https://www.highwoods.com/find-your-space/detail/century-plaza-i,https://s3.us-east-1.amazonaws.com/assets-v2.highwoods.com/content-refresh/images/properties/_propertyHero/Century-Plaza-I_Ext_FGerlich_2016_01_Glory-Shot.jpg,true,9,627,17129,"627 to 17,129 SF observed range",,https://view.ricoh360.com/8425ee7e-9fe2-4c6e-836e-0512a5f871d7,John Grimsley,John.Grimsley@highwoods.com,404-443-1875,0.98,true
Century Plaza II,2957 Clairmont Road,Atlanta,GA,Office,Highwoods Properties,https://www.highwoods.com/find-your-space/detail/century-plaza-ii,https://s3.us-east-1.amazonaws.com/assets-v2.highwoods.com/content-refresh/images/properties/_propertyHero/1434639739.bb21197823bd5b136d8773edd7cb8c56.jpg,true,7,3512,22486,"3,512 to 22,486 SF observed range",,,John Grimsley,John.Grimsley@highwoods.com,404-443-1875,0.98,true
Monarch Plaza,"3414 Peachtree Road Northeast, Buckhead",Atlanta,GA,Office,Highwoods Properties,https://www.highwoods.com/find-your-space/detail/monarch-plaza,https://s3.us-east-1.amazonaws.com/assets-v2.highwoods.com/content-refresh/images/properties/_propertyHero/MP-Exterior-Picture.jpg,true,22,969,25470,"969 to 25,470 SF observed range","Introducing Monarch Plaza, a premier office building located at 3414 Peachtree Rd NE in Buckhead, Atlanta.",https://view.ricoh360.com/c2061e80-6fb2-4455-bbd0-8f16d4e40d83,John Grimsley,John.Grimsley@highwoods.com,404-443-1875,0.98,true
Monarch Tower,3424 Peachtree Road,Atlanta,GA,Office,Highwoods Properties,https://www.highwoods.com/find-your-space/detail/monarch-tower,https://s3.us-east-1.amazonaws.com/assets-v2.highwoods.com/content-refresh/images/properties/_propertyHero/Monarch-Tower-Building-Exterior-NEW-V3.jpg,true,2,6667,11508,"6,667 to 11,508 SF observed range","Elevate your business at Monarch Tower—an iconic Class A office building in Buckhead, Atlanta.",https://view.ricoh360.com/df56a087-7bb0-4c28-924a-f212879f72d3,John Grimsley,John.Grimsley@highwoods.com,404-443-1875,0.98,true
One Alliance,"3500 Lenox Road Northeast, Buckhead",Atlanta,GA,Office,Highwoods Properties,https://www.highwoods.com/find-your-space/detail/one-alliance-center,https://s3.us-east-1.amazonaws.com/assets-v2.highwoods.com/content-refresh/images/properties/_propertyHero/One-Alliance-Alternate-Glory-Shot.jpg,true,14,1925,26566,"1,925 to 26,566 SF observed range","Discover premium Class A office space at One Alliance Center in Buckhead, Atlanta.",https://view.ricoh360.com/298e07dc-979a-41b6-ad79-f09922b8dc49,John Grimsley,John.Grimsley@highwoods.com,404-443-1875,0.98,true
Riverwood 100,Riverwood Parkway,Atlanta,GA,Office,Highwoods Properties,https://www.highwoods.com/find-your-space/detail/riverwood-100,https://s3.us-east-1.amazonaws.com/assets-v2.highwoods.com/content-refresh/images/properties/_propertyHero/Exterior2.jpg,true,14,1712,24028,"1,712 to 24,028 SF observed range",,https://view.ricoh360.com/6860a9ca-46cd-45ab-bcaf-347403dd20ea,John Grimsley,John.Grimsley@highwoods.com,404-443-1875,0.98,true
Riverwood 200,3300 Riverwood Parkway,Atlanta,GA,Office,Highwoods Properties,https://www.highwoods.com/find-your-space/detail/riverwood-200,https://s3.us-east-1.amazonaws.com/assets-v2.highwoods.com/content-refresh/images/properties/_propertyHero/1501616806.riverwood-200-front.jpg,true,2,4169,25795,"4,169 to 25,795 SF observed range",,https://view.ricoh360.com/1b83d3fd-cf71-4258-bbfa-30ae01a6f715,John Grimsley,John.Grimsley@highwoods.com,404-443-1875,0.98,true
The Lofts at Alliance,"3580 Lenox Road Northeast, Buckhead",Atlanta,GA,Office,Highwoods Properties,https://www.highwoods.com/find-your-space/detail/lofts-at-alliance,https://s3.us-east-1.amazonaws.com/assets-v2.highwoods.com/content-refresh/images/properties/_propertyHero/The-Lofts.jpg,true,1,45029,45029,"45,029 SF observed size signal","Lofts at Alliance offers unique loft-style office space in Buckhead, Atlanta—perfect for creative teams and growing businesses.",https://view.ricoh360.com/ce89b9ba-360e-4c39-b6c8-4c7f60a43b64,John Grimsley,John.Grimsley@highwoods.com,404-443-1875,0.98,true
Two Alliance,3560 Lenox Road NE,Atlanta,GA,Office,Highwoods Properties,https://www.highwoods.com/find-your-space/detail/two-alliance-center,https://s3.us-east-1.amazonaws.com/assets-v2.highwoods.com/content-refresh/images/properties/_propertyHero/attachment-18.jpg,true,5,2620,26110,"2,620 to 26,110 SF observed range","Discover Two Alliance Center in Buckhead, Atlanta—an iconic 30-story office tower offering newly renovated spaces, resort-style amenities, direct access to Lenox Road, GA-400 and top-tier dining, retail and hotels.",https://view.ricoh360.com/f087df22-eb87-4bbe-acd2-e6176bb779bb,John Grimsley,John.Grimsley@highwoods.com,404-443-1875,0.98,true
